  0.18	203	203	U	0	unclassified
 99.82	110728	107	R	1	root
 92.61	102731	2185	D	3	  Bacteria
 42.14	46750	60	P	1672	    Firmicutes
 42.03	46625	345	C	1673	      Bacilli
 21.94	24334	0	O	45183	        Caldalkalibacillales
 21.94	24334	0	F	45184	          Caldalkalibacillaceae
 21.94	24334	24334	G	45185	            Caldalkalibacillus
 18.80	20856	414	O	1674	        Bacillales
 17.79	19737	235	F	1680	          Bacillaceae
 13.92	15447	15447	G	1707	            Oceanobacillus
  2.71	3005	3005	G	1688	            Bacillus
  0.46	512	512	G	1696	            Geobacillus
  0.27	304	304	G	1727	            Virgibacillus
  0.08	91	91	G	1729	            uncultured
  0.08	90	90	G	1686	            Anoxybacillus
  0.02	18	18	G	1712	            Pontibacillus
  0.02	17	17	G	1702	            Lentibacillus
  0.00	4	4	G	1681	            Aeribacillus
  0.00	3	3	G	1700	            Halobacillus
  0.00	3	3	G	1708	            Ornithinibacillus
  0.00	2	2	G	1684	            Amphibacillus
  0.00	1	1	G	1694	            Fictibacillus
  0.00	1	1	G	1728	            Vulcanibacillus
  0.00	1	1	G	1690	            Caldibacillus
  0.00	1	1	G	1725	            Thalassobacillus
  0.00	1	1	G	1685	            Anaerobacillus
  0.00	1	1	G	1720	            Sediminibacillus
  0.62	685	333	F	1753	          Planococcaceae
  0.24	262	262	G	1767	            Solibacillus
  0.05	52	52	G	1762	            Lysinibacillus
  0.01	14	14	G	1770	            uncultured
  0.01	7	7	G	1768	            Sporosarcina
  0.01	7	7	G	1764	            Planococcus
  0.00	5	5	G	1765	            Planomicrobium
  0.00	3	3	G	1761	            Kurthia
  0.00	1	1	G	11273	            Psychrobacillus
  0.00	1	1	G	1756	            Chryseomicrobium
  0.01	15	0	F	45175	          Salisediminibacteriaceae
  0.01	15	15	G	45177	            Salipaludibacillus
  0.00	3	0	F	45167	          Marinococcaceae
  0.00	1	1	G	45168	            Alteribacillus
  0.00	1	1	G	45170	            Marinococcus
  0.00	1	1	G	45173	            Salsuginibacillus
  0.00	2	0	F	1771	          Sporolactobacillaceae
  0.00	2	2	G	1773	            Sporolactobacillus
  0.67	746	0	O	45270	        Paenibacillales
  0.67	746	3	F	45271	          Paenibacillaceae
  0.67	741	741	G	45277	            Paenibacillus
  0.00	2	2	G	45274	            Cohnella
  0.19	208	12	O	1800	        Lactobacillales
  0.15	171	0	F	1828	          Enterococcaceae
  0.11	120	120	G	1834	            Tetragenococcus
  0.05	51	51	G	1831	            Enterococcus
  0.01	13	0	F	1836	          Lactobacillaceae
  0.01	13	13	G	1837	            Lactobacillus
  0.00	5	0	F	1811	          Carnobacteriaceae
  0.00	3	3	G	1821	            Granulicatella
  0.00	2	2	G	1826	            Trichococcus
  0.00	4	2	F	1802	          Aerococcaceae
  0.00	1	1	G	1803	            Abiotrophia
  0.00	1	1	G	1808	            Globicatella
  0.00	3	0	F	1850	          Streptococcaceae
  0.00	2	2	G	1853	            Streptococcus
  0.00	1	1	G	1851	            Lactococcus
  0.05	58	1	O	45284	        Staphylococcales
  0.05	55	0	F	45287	          Staphylococcaceae
  0.05	54	54	G	45295	            Staphylococcus
  0.00	1	1	G	45291	            Jeotgalicoccus
  0.00	2	0	F	45285	          Gemellaceae
  0.00	2	2	G	45286	            Gemella
  0.05	54	0	O	45180	        Brevibacillales
  0.05	54	0	F	45181	          Brevibacillaceae
  0.05	54	54	G	45182	            Brevibacillus
  0.01	6	1	O	45200	        Erysipelotrichales
  0.00	4	1	F	45214	          Erysipelotrichaceae
  0.00	1	1	G	45238	            uncultured
  0.00	1	1	G	45220	            Dubosiella
  0.00	1	1	G	45226	            Faecalibaculum
  0.00	1	0	F	45201	          Erysipelatoclostridiaceae
  0.00	1	1	G	45212	            UCG-004
  0.00	5	0	O	45296	        Thermicanales
  0.00	5	0	F	45297	          Thermicanaceae
  0.00	5	5	G	45299	            Thermicanus
  0.00	5	0	O	45158	        Alicyclobacillales
  0.00	5	0	F	45159	          Alicyclobacillaceae
  0.00	3	3	G	45161	            Alicyclobacillus
  0.00	2	2	G	45163	            Tumebacillus
  0.00	3	0	O	45240	        Exiguobacterales
  0.00	3	0	F	45241	          Exiguobacteraceae
  0.00	3	3	G	45242	            Exiguobacterium
  0.00	2	0	O	45186	        Desulfuribacillales
  0.00	2	0	F	45187	          Desulfuribacillaceae
  0.00	2	2	G	45188	            Desulfuribacillus
  0.00	2	0	O	45300	        Thermoactinomycetales
  0.00	2	0	F	45301	          Thermoactinomycetaceae
  0.00	2	2	G	45321	            uncultured
  0.00	1	0	O	45164	        Aneurinibacillales
  0.00	1	0	F	45165	          Aneurinibacillaceae
  0.00	1	1	G	45166	            Aneurinibacillus
  0.05	54	2	C	1859	      Clostridia
  0.01	16	3	O	45570	        Peptostreptococcales-Tissierellales
  0.01	10	3	F	45618	          Peptostreptococcaceae
  0.00	2	2	G	45624	            Intestinibacter
  0.00	1	1	G	45628	            Peptoclostridium
  0.00	1	1	G	45637	            uncultured
  0.00	1	1	G	45629	            Peptostreptococcus
  0.00	1	1	G	45626	            Paraclostridium
  0.00	1	1	G	45621	            Clostridioides
  0.00	2	0	F	45579	          Anaerovoracaceae
  0.00	1	1	G	45583	            Family XIII UCG-001
  0.00	1	1	G	45585	            S5-A14a
  0.00	1	0	F	45640	          Sedimentibacteraceae
  0.00	1	1	G	45641	            Sedimentibacter
  0.01	13	0	O	45405	        Lachnospirales
  0.01	13	0	F	45409	          Lachnospiraceae
  0.00	5	5	G	45492	            [Eubacterium] oxidoreducens group
  0.00	3	3	G	45502	            uncultured
  0.00	3	3	G	45416	            Agathobacter
  0.00	1	1	G	45482	            Tyzzerella
  0.00	1	1	G	45423	            Butyrivibrio
  0.01	7	0	O	45325	        Christensenellales
  0.01	7	0	F	45326	          Christensenellaceae
  0.01	7	7	G	45329	            Christensenellaceae R-7 group
  0.01	7	0	O	45508	        Oscillospirales
  0.00	4	0	F	45536	          Ruminococcaceae
  0.00	3	3	G	45557	            uncultured
  0.00	1	1	G	45553	            Subdoligranulum
  0.00	3	3	F	45558	          UCG-010
  0.01	6	5	O	1863	        Clostridiales
  0.00	1	0	F	25630	          Clostridiaceae
  0.00	1	1	G	45342	            Clostridium sensu stricto 1
  0.00	2	2	O	45331	        Clostridia UCG-014
  0.00	1	1	O	45332	        Clostridia vadinBB60 group
  0.01	6	0	C	2164	      Negativicutes
  0.00	5	0	O	45752	        Veillonellales-Selenomonadales
  0.00	2	0	F	45766	          Sporomusaceae
  0.00	1	1	G	45769	            Anaerosinus
  0.00	1	1	G	45774	            Pelosinus
  0.00	2	0	F	45780	          Veillonellaceae
  0.00	1	1	G	45784	            Megasphaera
  0.00	1	1	G	45786	            Veillonella
  0.00	1	0	F	45753	          Selenomonadaceae
  0.00	1	1	G	45762	            Selenomonas
  0.00	1	0	O	45745	        Acidaminococcales
  0.00	1	0	F	45746	          Acidaminococcaceae
  0.00	1	1	G	45749	            Succiniclasticum
  0.00	3	0	C	45795	      Symbiobacteriia
  0.00	3	0	O	45796	        Symbiobacteriales
  0.00	3	0	F	45798	          Symbiobacteraceae
  0.00	3	3	G	45800	            uncultured
  0.00	1	0	C	45669	      Desulfitobacteriia
  0.00	1	0	O	45670	        Desulfitobacteriales
  0.00	1	0	F	45672	          Desulfitobacteriaceae
  0.00	1	1	G	45674	            Desulfosporosinus
  0.00	1	0	C	45790	      Sulfobacillia
  0.00	1	0	O	45791	        Sulfobacillales
  0.00	1	0	F	45792	          Sulfobacillaceae
  0.00	1	1	G	45793	            Sulfobacillus
 39.52	43837	652	P	2375	    Proteobacteria
 35.88	39798	4198	C	3303	      Gammaproteobacteria
 15.08	16725	912	O	46187	        Burkholderiales
  6.27	6950	971	F	46375	          Oxalobacteraceae
  5.03	5585	5585	G	46388	            Massilia
  0.08	92	92	G	46387	            Janthinobacterium
  0.07	78	78	G	46397	            Undibacterium
  0.05	61	61	G	46389	            Noviherbaspirillum
  0.05	56	56	G	46386	            Herminiimonas
  0.02	22	22	G	46385	            Herbaspirillum
  0.02	21	21	G	46400	            uncultured
  0.02	18	18	G	46380	            Candidatus Vidania
  0.02	17	17	G	46383	            Duganella
  0.01	13	13	G	46391	            Oxalobacter
  0.01	9	9	G	46392	            Paraherbaspirillum
  0.01	6	6	G	46390	            Oxalicibacterium
  0.00	1	1	G	46381	            Candidatus Zinderia
  2.55	2828	517	F	46189	          Alcaligenaceae
  1.22	1350	1350	G	46213	            uncultured
  0.39	435	435	G	46190	            Achromobacter
  0.21	228	228	G	46212	            Verticiella
  0.11	117	117	G	46206	            Parapusillimonas
  0.05	52	52	G	46204	            Paenalcaligenes
  0.02	27	27	G	46192	            Alcaligenes
  0.02	25	25	G	46200	            GKS98 freshwater group
  0.01	15	15	G	46210	            Pusillimonas
  0.01	14	14	G	46194	            Bordetella
  0.01	13	13	G	46191	            Advenella
  0.01	12	12	G	46197	            Castellaniella
  0.01	11	11	G	46209	            Pigmentiphaga
  0.01	6	6	G	46196	            Candidimonas
  0.00	3	3	G	46195	            Candidatus Kinetoplastibacterium
  0.00	2	2	G	46198	            Derxia
  0.00	1	1	G	46211	            Taylorella
  2.48	2746	1094	F	46259	          Comamonadaceae
  0.45	495	495	G	46269	            Comamonas
  0.41	456	456	G	46272	            Delftia
  0.12	129	129	G	46262	            Aquabacterium
  0.11	127	127	G	46271	            Curvibacter
  0.07	73	73	G	46315	            uncultured
  0.05	56	56	G	46260	            Acidovorax
  0.05	54	54	G	46290	            Pelomonas
  0.04	39	39	G	46273	            Diaphorobacter
  0.02	26	26	G	46282	            Leptothrix
  0.02	24	24	G	46298	            Rhodoferax
  0.02	23	23	G	46292	            Polaromonas
  0.02	18	18	G	46304	            Sphaerotilus
  0.01	16	16	G	46278	            Ideonella
  0.01	15	15	G	46296	            Ramlibacter
  0.01	14	14	G	46303	            Simplicispira
  0.01	13	13	G	46276	            Hydrogenophaga
  0.01	11	11	G	46309	            Variovorax
  0.01	9	9	G	46265	            Brachymonas
  0.01	8	8	G	46301	            Rubrivivax
  0.01	7	7	G	46312	            Xylophilus
  0.00	5	5	G	46283	            Limnohabitans
  0.00	5	5	G	46287	            Mitsuaria
  0.00	4	4	G	46268	            Candidatus Symbiobacter
  0.00	4	4	G	46300	            Roseateles
  0.00	3	3	G	46261	            Alicycliphilus
  0.00	3	3	G	46310	            Verminephrobacter
  0.00	3	3	G	46297	            Rhizobacter
  0.00	3	3	G	46311	            Xenophilus
  0.00	3	3	G	46266	            Caenimonas
  0.00	1	1	G	46288	            Ottowia
  0.00	1	1	G	46294	            Pseudorhodoferax
  0.00	1	1	G	46295	            RS62 marine group
  0.00	1	1	G	46275	            Giesbergeria
  0.00	1	1	G	46306	            Tepidimonas
  0.00	1	1	G	46270	            Corticibacter
  1.69	1874	492	F	46220	          Burkholderiaceae
  1.11	1226	1226	G	46221	            Burkholderia-Caballeronia-Paraburkholderia
  0.05	53	53	G	46229	            Polynucleobacter
  0.03	36	36	G	46226	            Limnobacter
  0.03	29	29	G	46230	            Ralstonia
  0.01	16	16	G	46224	            Cupriavidus
  0.01	8	8	G	46225	            Lautropia
  0.01	7	7	G	46231	            Robbsia
  0.00	5	5	G	46223	            Candidatus Tremblaya
  0.00	2	2	G	46232	            uncultured
  0.43	481	1	F	46325	          Hydrogenophilaceae
  0.25	282	282	G	46330	            Tepidiphilus
  0.14	155	155	G	46333	            uncultured
  0.04	43	43	G	46331	            Thiobacillus
  0.38	419	201	F	46403	          Rhodocyclaceae
  0.14	150	150	G	46424	            Sulfuritalea
  0.02	22	22	G	46411	            Dechloromonas
  0.01	12	12	G	46404	            Azoarcus
  0.01	9	9	G	46429	            uncultured
  0.00	5	5	G	46407	            Azovibrio
  0.00	3	3	G	46405	            Azonexus
  0.00	3	3	G	46425	            Thauera
  0.00	3	3	G	46413	            Denitratisoma
  0.00	3	3	G	46406	            Azospira
  0.00	2	2	G	46410	            Dechlorobacter
  0.00	2	2	G	46426	            Uliginosibacterium
  0.00	1	1	G	46409	            Candidatus Accumulibacter
  0.00	1	1	G	46408	            C39
  0.00	1	1	G	46427	            Z-35
  0.00	1	1	G	46428	            Zoogloea
  0.26	293	252	F	46337	          Methylophilaceae
  0.02	20	20	G	46347	            uncultured
  0.01	6	6	G	46342	            Methylophilus
  0.00	5	5	G	46343	            Methylotenera
  0.00	4	4	G	46346	            UBA6140
  0.00	2	2	G	46338	            Candidatus Methylopumilus
  0.00	2	2	G	46345	            OM43 clade
  0.00	1	1	G	46339	            MM1
  0.00	1	1	G	46341	            Methylobacillus
  0.06	72	1	F	46348	          Neisseriaceae
  0.05	55	55	G	46354	            Neisseria
  0.01	11	11	G	46360	            uncultured
  0.00	3	3	G	46351	            Conchiformibius
  0.00	2	2	G	46353	            Kingella
  0.03	38	38	F	46430	          SC-I-84
  0.03	34	0	F	46436	          Sutterellaceae
  0.02	17	17	G	46440	            uncultured
  0.01	11	11	G	46439	            Sutterella
  0.01	6	6	G	46438	            Parasutterella
  0.03	28	0	F	46361	          Nitrosomonadaceae
  0.01	15	15	G	46368	            Nitrosomonas
  0.01	6	6	G	46365	            GOUTA6
  0.00	5	5	G	46364	            Ellin6067
  0.00	2	2	G	46367	            MND1
  0.01	16	0	F	46431	          Sulfuricellaceae
  0.01	14	14	G	46432	            Ferritrophicum
  0.00	2	2	G	46434	            Sulfuriferula
  0.01	10	10	F	46219	          B1-7BS
  0.01	10	1	F	46319	          Gallionellaceae
  0.00	5	5	G	46320	            Candidatus Nitrotoga
  0.00	3	3	G	46323	            Sideroxydans
  0.00	1	1	G	46322	            Gallionella
  0.00	5	5	F	46336	          MWH-UniP1 aquatic group
  0.00	3	3	F	46442	          TRA3-20
  0.00	2	0	F	46401	          Procabacteriaceae
  0.00	2	2	G	46402	            Procabacter
  0.00	2	0	F	46334	          Leeiaceae
  0.00	2	2	G	46335	            Leeia
  0.00	1	0	F	46251	          Chromobacteriaceae
  0.00	1	1	G	46254	            Crenobacter
  0.00	1	0	F	46237	          Chitinibacteraceae
  0.00	1	1	G	46244	            Formivibrio
 11.23	12457	14	O	3786	        Xanthomonadales
 11.21	12434	624	F	3799	          Xanthomonadaceae
  9.30	10318	10318	G	14689	            Vulcaniibacterium
  1.28	1418	1418	G	3818	            Stenotrophomonas
  0.03	36	36	G	3809	            Lysobacter
  0.01	14	14	G	3813	            Pseudoxanthomonas
  0.01	8	8	G	3801	            Arenimonas
  0.01	8	8	G	3808	            Luteimonas
  0.00	3	3	G	3820	            Thermomonas
  0.00	2	2	G	3823	            Xylella
  0.00	2	2	G	3824	            uncultured
  0.00	1	1	G	3814	            Rehaibacterium
  0.01	9	0	F	26864	          Rhodanobacteraceae
  0.00	3	3	G	26867	            Chujaibacter
  0.00	2	2	G	46583	            Ahniella
  0.00	1	1	G	26865	            Aquimonas
  0.00	1	1	G	26868	            Dokdonella
  0.00	1	1	G	26869	            Dyella
  0.00	1	1	G	26880	            uncultured
  3.84	4255	14	O	3709	        Pseudomonadales
  3.81	4225	28	F	3718	          Pseudomonadaceae
  3.78	4195	4195	G	3723	            Pseudomonas
  0.00	2	2	G	3721	            Azotobacter
  0.01	16	3	F	3710	          Moraxellaceae
  0.01	11	11	G	3711	            Acinetobacter
  0.00	1	1	G	3716	            Psychrobacter
  0.00	1	1	G	3717	            uncultured
  0.75	835	71	O	46449	        Enterobacterales
  0.63	701	155	F	46454	          Enterobacteriaceae
  0.45	499	499	G	46463	            Escherichia-Shigella
  0.02	21	21	G	46462	            Enterobacter
  0.01	12	12	G	46465	            Klebsiella
  0.00	5	5	G	46459	            Citrobacter
  0.00	5	5	G	46474	            Salmonella
  0.00	2	2	G	46473	            Raoultella
  0.00	1	1	G	46477	            Yokenella
  0.00	1	1	G	46470	            Plesiomonas
  0.05	51	0	F	46478	          Erwiniaceae
  0.04	44	44	G	46483	            Pantoea
  0.00	4	4	G	46480	            Erwinia
  0.00	3	3	G	46484	            Phaseolibacter
  0.00	5	0	F	46536	          Yersiniaceae
  0.00	5	5	G	46541	            Serratia
  0.00	4	0	F	46493	          Morganellaceae
  0.00	3	3	G	46523	            endosymbionts
  0.00	1	1	G	46519	            Proteus
  0.00	3	0	F	46525	          Pectobacteriaceae
  0.00	1	1	G	46526	            Brenneria
  0.00	1	1	G	46530	            Pectobacterium
  0.00	1	1	G	46531	            Sodalis
  0.67	739	1	O	11512	        Cellvibrionales
  0.67	738	0	F	11514	          Cellvibrionaceae
  0.66	735	735	G	11516	            Cellvibrio
  0.00	3	3	G	11527	            uncultured
  0.36	401	1	O	3593	        Oceanospirillales
  0.36	396	37	F	3610	          Halomonadaceae
  0.32	356	356	G	3616	            Halomonas
  0.00	2	2	G	11556	            Candidatus Evansia
  0.00	1	1	G	3619	            Kushneria
  0.00	2	0	F	26768	          Nitrincolaceae
  0.00	1	1	G	26772	            Marinobacterium
  0.00	1	1	G	26778	            uncultured
  0.00	1	0	F	3660	          Oleiphilaceae
  0.00	1	1	G	3661	            Oleiphilus
  0.00	1	0	F	3667	          Saccharospirillaceae
  0.00	1	1	G	26795	            uncultured
  0.07	81	0	O	3307	        Acidithiobacillales
  0.07	81	0	F	3309	          Acidithiobacillaceae
  0.07	81	81	G	26301	            KCM-B-112
  0.02	24	0	O	3775	        Vibrionales
  0.02	24	1	F	3776	          Vibrionaceae
  0.02	22	22	G	3783	            Vibrio
  0.00	1	1	G	3781	            Photobacterium
  0.01	14	3	O	3333	        Alteromonadales
  0.01	8	0	F	3399	          Shewanellaceae
  0.01	8	8	G	3400	            Shewanella
  0.00	2	0	F	3397	          Psychromonadaceae
  0.00	2	2	G	3398	            Psychromonas
  0.00	1	0	F	3378	          Colwelliaceae
  0.00	1	1	G	3379	            Colwellia
  0.01	9	0	O	3735	        Thiotrichales
  0.01	9	1	F	3754	          Thiotrichaceae
  0.01	8	8	G	3769	            Thiothrix
  0.01	7	0	O	26668	        Halothiobacillales
  0.01	7	0	F	26669	          Halothiobacillaceae
  0.01	7	7	G	26673	            Thiovirga
  0.01	7	0	O	3415	        Chromatiales
  0.01	7	0	F	3416	          Chromatiaceae
  0.00	3	3	G	3419	            Halochromatium
  0.00	2	2	G	26602	            Candidatus Thiobios
  0.00	2	2	G	3435	            Thiohalocapsa
  0.01	6	0	O	26843	        Thiomicrospirales
  0.00	5	0	F	26844	          Thioglobaceae
  0.00	5	5	G	26845	            Candidatus Ruthia
  0.00	1	0	F	26852	          Thiomicrospiraceae
  0.00	1	1	G	26856	            Thiomicrorhabdus
  0.01	6	0	O	3409	        Cardiobacteriales
  0.01	6	0	F	3410	          Cardiobacteriaceae
  0.01	6	6	G	3411	            Cardiobacterium
  0.00	5	0	O	26799	        Piscirickettsiales
  0.00	5	0	F	26800	          Piscirickettsiaceae
  0.00	5	5	G	26801	            Candidatus Endoecteinascidia
  0.00	4	0	O	3316	        Aeromonadales
  0.00	4	0	F	3326	          Succinivibrionaceae
  0.00	4	4	G	3331	            Succinivibrio
  0.00	4	0	O	3535	        Gammaproteobacteria Incertae Sedis
  0.00	4	0	F	3536	          Unknown Family
  0.00	4	4	G	14661	            uncultured
  0.00	2	0	O	26616	        Diplorickettsiales
  0.00	2	0	F	26617	          Diplorickettsiaceae
  0.00	2	2	G	26618	            Aquicella
  0.00	2	2	O	26622	        EPR3968-O8a-Bc78
  0.00	2	2	O	14692	        uncultured
  0.00	2	0	O	26732	        Nitrosococcales
  0.00	1	0	F	26733	          Methylophagaceae
  0.00	1	1	G	26735	            Methylophaga
  0.00	1	0	F	26737	          Nitrosococcaceae
  0.00	1	1	G	26739	            AqS1
  0.00	2	0	O	3563	        Methylococcales
  0.00	1	0	F	26690	          Methylohalobiaceae
  0.00	1	1	G	26693	            Methylothermus
  0.00	1	0	F	46553	          Methylomonadaceae
  0.00	1	1	G	46570	            pItb-vmat-59
  0.00	2	2	O	26808	        SAR86 clade
  0.00	2	0	O	26326	        Beggiatoales
  0.00	2	1	F	26327	          Beggiatoaceae
  0.00	1	1	G	26338	            Thiomargarita
  0.00	1	1	O	26750	        OM182 clade
  0.00	1	0	O	26825	        Steroidobacterales
  0.00	1	0	F	26830	          Woeseiaceae
  0.00	1	1	G	26832	            Woeseia
  0.00	1	0	O	11508	        Arenicellales
  0.00	1	0	F	11509	          Arenicellaceae
  0.00	1	1	G	26321	            HTCC5015
  0.00	1	1	O	26660	        Ga0077536
  0.00	1	0	O	3728	        Salinisphaerales
  0.00	1	0	F	3729	          Salinisphaeraceae
  0.00	1	1	G	3730	            Salinisphaera
  0.00	1	1	O	3725	        Run-SP154
  0.00	1	0	O	3688	        Pasteurellales
  0.00	1	0	F	3689	          Pasteurellaceae
  0.00	1	1	G	3700	            Lonepinella
  3.05	3387	433	C	2379	      Alphaproteobacteria
  1.21	1343	37	O	2421	        Rhizobiales
  0.97	1080	875	F	2525	          Rhizobiaceae
  0.12	138	138	G	26091	            Allorhizobium-Neorhizobium-Pararhizobium-Rhizobium
  0.02	19	19	G	26112	            Mesorhizobium
  0.01	10	10	G	26120	            Pseudaminobacter
  0.01	7	7	G	26101	            Chelativorans
  0.01	6	6	G	2529	            Shinella
  0.01	6	6	G	26106	            Falsochrobactrum
  0.00	5	5	G	26115	            Ochrobactrum
  0.00	3	3	G	26098	            Candidatus Hodgkinia
  0.00	2	2	G	26103	            Cohaesibacter
  0.00	2	2	G	26108	            Hoeflea
  0.00	2	2	G	26095	            Aureimonas
  0.00	2	2	G	26118	            Phyllobacterium
  0.00	1	1	G	26114	            Nitratireductor
  0.00	1	1	G	26089	            Ahrensia
  0.00	1	1	G	2526	            Ensifer
  0.08	93	21	F	2435	          Beijerinckiaceae
  0.05	53	53	G	46157	            Methylobacterium-Methylorubrum
  0.01	7	7	G	2444	            uncultured
  0.00	4	4	G	26042	            Bosea
  0.00	3	3	G	14512	            Pseudochelatococcus
  0.00	2	2	G	26048	            Microvirga
  0.00	1	1	G	2438	            Chelatococcus
  0.00	1	1	G	26040	            1174-901-12
  0.00	1	1	G	26044	            FukuN57
  0.05	50	0	F	26081	          Pleomorphomonadaceae
  0.04	49	49	G	26088	            uncultured
  0.00	1	1	G	26086	            Pleomorphomonas
  0.04	46	13	F	2545	          Xanthobacteraceae
  0.02	20	20	G	26151	            Bradyrhizobium
  0.01	6	6	G	26148	            Afipia
  0.00	4	4	G	2554	            uncultured
  0.00	2	2	G	2546	            Ancylobacter
  0.00	1	1	G	26158	            Rhodopseudomonas
  0.01	16	0	F	26055	          Devosiaceae
  0.01	14	14	G	26058	            Devosia
  0.00	2	2	G	26059	            Maritalea
  0.01	9	0	F	2530	          Rhizobiales Incertae Sedis
  0.01	7	7	G	2532	            Bauldia
  0.00	2	2	G	14525	            uncultured
  0.01	6	0	F	2472	          Hyphomicrobiaceae
  0.00	4	4	G	2480	            Hyphomicrobium
  0.00	1	1	G	2483	            Pedomicrobium
  0.00	1	1	G	2490	            uncultured
  0.00	3	0	F	26071	          Methyloligellaceae
  0.00	3	3	G	26075	            uncultured
  0.00	1	1	F	2423	          A0839
  0.00	1	0	F	26133	          Stappiaceae
  0.00	1	1	G	26141	            Rhodothalassium
  0.00	1	0	F	26131	          Rhodomicrobiaceae
  0.00	1	1	G	26132	            Rhodomicrobium
  0.71	793	0	O	2823	        Sphingomonadales
  0.71	793	221	F	2844	          Sphingomonadaceae
  0.34	377	377	G	2852	            Sphingomonas
  0.04	49	49	G	2846	            Novosphingobium
  0.03	34	34	G	26240	            Altererythrobacter
  0.03	31	31	G	2850	            Sphingobium
  0.01	15	15	G	26243	            DSSF69
  0.01	14	14	G	26245	            Erythrobacter
  0.01	11	11	G	2858	            uncultured
  0.01	9	9	G	2854	            Sphingorhabdus
  0.01	8	8	G	2853	            Sphingopyxis
  0.00	5	5	G	26249	            Qipengyuania
  0.00	5	5	G	26248	            Porphyrobacter
  0.00	4	4	G	14559	            Rhizorhapis
  0.00	3	3	G	26246	            MN 122.2a
  0.00	3	3	G	26244	            Ellin6055
  0.00	1	1	G	2845	            Blastomonas
  0.00	1	1	G	2857	            Zymomonas
  0.00	1	1	G	11469	            Polymorphobacter
  0.00	1	1	G	2847	            Parasphingopyxis
  0.62	687	0	O	2557	        Rhodobacterales
  0.62	687	261	F	2558	          Rhodobacteraceae
  0.19	208	208	G	2574	            Gemmobacter
  0.05	58	58	G	2607	            Paracoccus
  0.05	51	51	G	2666	            uncultured
  0.02	22	22	G	2624	            Rhodobacter
  0.01	14	14	G	2653	            Sulfitobacter
  0.01	9	9	G	46168	            Yoonia-Loktanella
  0.01	9	9	G	2642	            Rubellimicrobium
  0.01	9	9	G	2620	            Pseudorhodobacter
  0.01	8	8	G	11455	            Planktomarina
  0.00	5	5	G	2594	            Marivita
  0.00	4	4	G	26168	            Marivivens
  0.00	4	4	G	46161	            Cognatishimia
  0.00	3	3	G	2595	            Methylarcula
  0.00	3	3	G	2641	            Roseovarius
  0.00	3	3	G	2562	            Amaricoccus
  0.00	3	3	G	2631	            Roseicyclus
  0.00	3	3	G	2575	            Haematobacter
  0.00	2	2	G	2590	            Maribius
  0.00	2	2	G	26171	            Pseudooceanicola
  0.00	1	1	G	14529	            Aliiroseovarius
  0.00	1	1	G	11446	            Ascidiaceihabitans
  0.00	1	1	G	2572	            Falsirhodobacter
  0.00	1	1	G	2634	            Roseivivax
  0.00	1	1	G	2638	            Roseobacter clade NAC11-7 lineage
  0.00	1	1	G	2623	            Rhodobaca
  0.03	31	0	O	25900	        Acetobacterales
  0.03	31	25	F	25901	          Acetobacteraceae
  0.00	3	3	G	46127	            Craurococcus-Caldovatus
  0.00	1	1	G	25902	            Acetobacter
  0.00	1	1	G	25904	            Acidiphilium
  0.00	1	1	G	25932	            Roseomonas
  0.03	30	2	O	2761	        Rickettsiales
  0.01	7	7	F	2801	          SM2D12
  0.01	7	7	F	26212	          AB1
  0.01	6	0	F	2781	          Rickettsiaceae
  0.00	4	4	G	2782	            Candidatus Cryptoprodotis
  0.00	1	1	G	2784	            Rickettsia
  0.00	1	1	G	2785	            uncultured
  0.00	3	3	F	2806	          uncultured
  0.00	2	2	F	2763	          Anaplasmataceae
  0.00	2	2	F	2805	          Mitochondria
  0.00	1	0	F	46172	          Fokiniaceae
  0.00	1	1	G	46180	            uncultured
  0.02	23	0	O	2386	        Caulobacterales
  0.02	20	1	F	2387	          Caulobacteraceae
  0.01	14	14	G	2390	            Brevundimonas
  0.00	3	3	G	2391	            Caulobacter
  0.00	1	1	G	2389	            Asticcacaulis
  0.00	1	1	G	25965	            PMMR1
  0.00	3	0	F	2394	          Hyphomonadaceae
  0.00	1	1	G	25968	            SWB02
  0.00	1	1	G	2399	            Hirschia
  0.00	1	1	G	25966	            Euryhalocaulis
  0.01	11	0	O	25946	        Azospirillales
  0.01	11	1	F	25947	          Azospirillaceae
  0.01	6	6	G	25948	            Azospirillum
  0.00	3	3	G	25951	            Niveispirillum
  0.00	1	1	G	25953	            Skermanella
  0.01	10	0	O	2667	        Rhodospirillales
  0.01	6	1	F	26183	          Magnetospirillaceae
  0.00	3	3	G	26188	            uncultured
  0.00	2	2	G	26184	            Magnetospirillum
  0.00	3	3	F	26198	          uncultured
  0.00	1	0	F	2717	          Rhodospirillaceae
  0.00	1	1	G	2722	            Candidatus Riegeria
  0.00	5	0	O	46132	        Defluviicoccales
  0.00	4	4	F	46135	          uncultured
  0.00	1	0	F	46133	          Defluviicoccaceae
  0.00	1	1	G	46134	            Defluviicoccus
  0.00	4	4	O	26269	        uncultured
  0.00	3	0	O	25978	        Elsterales
  0.00	2	2	F	25985	          uncultured
  0.00	1	0	F	25979	          Elsteraceae
  0.00	1	1	G	25983	            uncultured
  0.00	3	3	O	46126	        AT-s3-44
  0.00	2	0	O	25975	        Dongiales
  0.00	2	0	F	25976	          Dongiaceae
  0.00	2	2	G	25977	            Dongia
  0.00	2	0	O	25998	        Micavibrionales
  0.00	2	2	F	26002	          uncultured
  0.00	2	0	O	26016	        Parvibaculales
  0.00	1	1	F	26018	          PS1 clade
  0.00	1	0	F	26019	          Parvibaculaceae
  0.00	1	1	G	26021	            Mf105b01
  0.00	1	0	O	46142	        Kiloniellales
  0.00	1	0	F	46148	          Kiloniellaceae
  0.00	1	1	G	46153	            Tistlia
  0.00	1	1	O	2409	        Dstr-E11
  0.00	1	0	O	26003	        Micropepsales
  0.00	1	1	F	26004	          Micropepsaceae
  0.00	1	0	O	2808	        SAR11 clade
  0.00	1	0	F	26228	          Clade I
  0.00	1	1	G	26229	            Clade Ia
  0.00	1	0	O	26028	        Puniceispirillales
  0.00	1	1	F	26032	          SAR116 clade
  4.82	5348	11	P	43279	    Actinobacteriota
  4.78	5308	627	C	43309	      Actinobacteria
  2.93	3247	0	O	43677	        Pseudonocardiales
  2.93	3247	1736	F	43678	          Pseudonocardiaceae
  1.22	1349	1349	G	43700	            Saccharopolyspora
  0.08	90	90	G	43698	            Pseudonocardia
  0.05	56	56	G	43689	            Crossiella
  0.00	5	5	G	43683	            Actinopolyspora
  0.00	3	3	G	43681	            Actinomycetospora
  0.00	3	3	G	43707	            Yuhushiella
  0.00	2	2	G	43692	            Kibdelosporangium
  0.00	1	1	G	43685	            Actinosynnema
  0.00	1	1	G	43688	            Amycolatopsis
  0.00	1	1	G	43702	            Sciscionella
  0.59	656	3	O	43342	        Corynebacteriales
  0.39	433	0	F	43355	          Nocardiaceae
  0.38	425	425	G	43358	            Nocardia
  0.01	6	6	G	43359	            Rhodococcus
  0.00	2	2	G	43356	            Gordonia
  0.17	194	0	F	43343	          Corynebacteriaceae
  0.16	181	181	G	43344	            Corynebacterium
  0.01	13	13	G	43345	            Lawsonella
  0.02	22	0	F	43352	          Mycobacteriaceae
  0.02	22	22	G	43354	            Mycobacterium
  0.00	4	0	F	43350	          Dietziaceae
  0.00	4	4	G	43351	            Dietzia
  0.27	303	42	O	43416	        Micrococcales
  0.13	145	45	F	43490	          Microbacteriaceae
  0.06	62	62	G	43534	            Microbacterium
  0.01	7	7	G	43528	            Leucobacter
  0.01	7	7	G	43500	            Candidatus Limnoluna
  0.00	5	5	G	43493	            Agromyces
  0.00	4	4	G	43497	            Aurantimicrobium
  0.00	3	3	G	43498	            Candidatus Aquiluna
  0.00	2	2	G	43492	            Agrococcus
  0.00	2	2	G	43531	            ML602J-51
  0.00	2	2	G	43530	            Lysinimonas
  0.00	2	2	G	43502	            Chryseoglobus
  0.00	2	2	G	43509	            Curtobacterium
  0.00	1	1	G	43553	            uncultured
  0.00	1	1	G	43515	            Galbitalea
  0.08	94	11	F	43554	          Micrococcaceae
  0.03	30	30	G	43565	            Micrococcus
  0.02	18	18	G	43556	            Arthrobacter
  0.01	9	9	G	43570	            Pseudarthrobacter
  0.01	7	7	G	43558	            Citricoccus
  0.01	7	7	G	43569	            Paeniglutamicibacter
  0.00	4	4	G	43573	            Rothia
  0.00	4	4	G	43562	            Glutamicibacter
  0.00	2	2	G	43578	            uncultured
  0.00	1	1	G	43564	            Kocuria
  0.00	1	1	G	43568	            Paenarthrobacter
  0.00	5	0	F	43426	          Brevibacteriaceae
  0.00	5	5	G	43427	            Brevibacterium
  0.00	5	0	F	43468	          Intrasporangiaceae
  0.00	3	3	G	43474	            Janibacter
  0.00	1	1	G	43475	            Knoellia
  0.00	1	1	G	43482	            Oryzihumus
  0.00	5	0	F	43579	          Micrococcales Incertae Sedis
  0.00	5	5	G	43581	            Timonella
  0.00	2	0	F	43430	          Cellulomonadaceae
  0.00	2	2	G	43432	            Cellulomonas
  0.00	2	0	F	43439	          Demequinaceae
  0.00	2	2	G	43440	            Demequina
  0.00	2	0	F	43597	          Sanguibacteraceae
  0.00	2	2	G	43598	            Sanguibacter
  0.00	1	0	F	43443	          Dermabacteraceae
  0.00	1	1	G	43444	            Brachybacterium
  0.10	115	15	O	43716	        Streptosporangiales
  0.04	39	0	F	43751	          Thermomonosporaceae
  0.03	28	28	G	43753	            Actinocorallia
  0.01	11	11	G	43754	            Actinomadura
  0.03	35	0	F	43732	          Streptosporangiaceae
  0.02	18	18	G	43737	            Nonomuraea
  0.01	12	12	G	43743	            Sphaerisporangium
  0.00	4	4	G	43735	            Microbispora
  0.00	1	1	G	43744	            Streptosporangium
  0.02	26	15	F	43717	          Nocardiopsaceae
  0.01	6	6	G	43726	            Nocardiopsis
  0.00	2	2	G	43722	            Lipingzhangella
  0.00	2	2	G	43731	            uncultured
  0.00	1	1	G	43729	            Streptomonospora
  0.09	105	1	O	43640	        Propionibacteriales
  0.07	81	4	F	43651	          Propionibacteriaceae
  0.05	51	51	G	43656	            Cutibacterium
  0.01	16	16	G	43659	            Haloactinopolyspora
  0.00	3	3	G	43675	            Tessaracoccus
  0.00	2	2	G	43667	            Propionibacterium
  0.00	2	2	G	43661	            Luteococcus
  0.00	1	1	G	43676	            uncultured
  0.00	1	1	G	43660	            Jiangella
  0.00	1	1	G	43658	            Granulicoccus
  0.02	23	2	F	43641	          Nocardioidaceae
  0.01	9	9	G	43648	            Nocardioides
  0.01	8	8	G	43650	            uncultured
  0.00	3	3	G	43642	            Actinopolymorpha
  0.00	1	1	G	43646	            Marmoricola
  0.07	73	0	O	43311	        Actinomycetales
  0.06	72	0	F	43312	          Actinomycetaceae
  0.05	60	60	G	43317	            F0332
  0.01	12	12	G	43314	            Actinomyces
  0.00	1	0	F	43323	          Actinomycetales Incertae Sedis
  0.00	1	1	G	43324	            Candidatus Ancillula
  0.07	73	0	O	43709	        Streptomycetales
  0.07	73	0	F	43710	          Streptomycetaceae
  0.06	72	72	G	43715	            Streptomyces
  0.00	1	1	G	43713	            Kitasatospora
  0.04	42	0	O	43376	        Frankiales
  0.01	13	4	F	43393	          Sporichthyaceae
  0.00	5	5	G	43397	            hgcI clade
  0.00	2	2	G	43395	            Longivirga
  0.00	2	2	G	43398	            uncultured
  0.01	12	0	F	43391	          Nakamurellaceae
  0.01	12	12	G	43392	            Nakamurella
  0.01	12	12	F	43399	          uncultured
  0.00	3	0	F	43377	          Acidothermaceae
  0.00	3	3	G	43378	            Acidothermus
  0.00	2	0	F	43382	          Frankiaceae
  0.00	1	1	G	43383	            Frankia
  0.00	1	1	G	43384	            Jatrophihabitans
  0.03	37	0	O	43600	        Micromonosporales
  0.03	37	0	F	43601	          Micromonosporaceae
  0.02	19	19	G	43617	            Phytohabitans
  0.01	8	8	G	43603	            Actinoplanes
  0.01	7	7	G	43616	            Micromonospora
  0.00	1	1	G	43630	            Virgisporangium
  0.00	1	1	G	43607	            Catellatospora
  0.00	1	1	G	43611	            Dactylosporangium
  0.02	22	0	O	43400	        Glycomycetales
  0.02	22	0	F	43401	          Glycomycetaceae
  0.02	22	22	G	43406	            uncultured
  0.00	4	4	O	43639	        PeM15
  0.00	2	0	O	43634	        Nitriliruptorales
  0.00	2	2	F	43635	          Nitriliruptoraceae
  0.00	1	1	O	43407	        KIST-JJY010
  0.00	1	1	O	43310	        0319-7L14
  0.02	20	0	C	43801	      Rubrobacteria
  0.02	20	0	O	43802	        Rubrobacterales
  0.02	20	0	F	43803	          Rubrobacteriaceae
  0.02	20	20	G	43804	            Rubrobacter
  0.01	7	1	C	43805	      Thermoleophilia
  0.00	4	0	O	43806	        Gaiellales
  0.00	3	0	F	43807	          Gaiellaceae
  0.00	3	3	G	43808	            Gaiella
  0.00	1	1	F	43809	          uncultured
  0.00	2	0	O	43810	        Solirubrobacterales
  0.00	2	2	F	43811	          67-14
  0.00	2	1	C	43280	      Acidimicrobiia
  0.00	1	0	O	43295	        Microtrichales
  0.00	1	0	F	43302	          Microtrichaceae
  0.00	1	1	G	43305	            Sva0996 marine group
  3.81	4224	2	P	43868	    Bacteroidota
  3.81	4221	24	C	43869	      Bacteroidia
  1.44	1601	1	O	44004	        Chitinophagales
  1.44	1600	130	F	44006	          Chitinophagaceae
  0.72	803	803	G	44036	            Sediminibacterium
  0.57	632	632	G	44008	            Asinibacterium
  0.01	10	10	G	44020	            Flavisolibacter
  0.00	5	5	G	44043	            uncultured
  0.00	3	3	G	44015	            Ferruginibacter
  0.00	2	2	G	44034	            Puia
  0.00	2	2	G	44024	            Hydrobacter
  0.00	2	2	G	44021	            Flavitalea
  0.00	1	1	G	44011	            Cnuella
  0.00	1	1	G	44027	            Niabella
  0.00	1	1	G	44009	            Aurantisolimonas
  0.00	1	1	G	44037	            Segetibacter
  0.00	1	1	G	44039	            Terrimonas
  0.00	1	1	G	44010	            Chitinophaga
  0.00	1	1	G	44019	            Flavihumibacter
  0.00	1	1	G	44018	            Flaviaesturariibacter
  0.00	1	1	G	44041	            UTBCD1
  0.00	1	1	G	44014	            Edaphobaculum
  0.00	1	1	G	44013	            Dinghuibacter
  1.32	1464	6	O	44160	        Flavobacteriales
  1.14	1270	289	F	44311	          Weeksellaceae
  0.85	938	938	G	44317	            Chryseobacterium
  0.03	35	35	G	44318	            Cloacibacterium
  0.00	3	3	G	44314	            Bergeyella
  0.00	2	2	G	44324	            Riemerella
  0.00	2	2	G	44327	            uncultured
  0.00	1	1	G	44313	            Apibacter
  0.17	185	0	F	44183	          Flavobacteriaceae
  0.17	184	184	G	44221	            Flavobacterium
  0.00	1	1	G	44251	            Maritimimonas
  0.00	2	2	F	44308	          NS9 marine group
  0.00	1	0	F	44167	          Crocinitomicaceae
  0.00	1	1	G	44170	            Fluviicola
  0.43	475	13	O	44057	        Cytophagales
  0.41	453	420	F	44068	          Cyclobacteriaceae
  0.01	10	10	G	44069	            Algoriphagus
  0.01	6	6	G	44087	            Marinoscillum
  0.00	5	5	G	44098	            uncultured
  0.00	4	4	G	44071	            Aquiflexum
  0.00	3	3	G	44086	            Mariniradius
  0.00	2	2	G	44072	            Belliella
  0.00	1	1	G	44089	            Mongoliicoccus
  0.00	1	1	G	44077	            Echinicola
  0.00	1	1	G	44095	            Roseivirga
  0.01	9	0	F	44122	          Microscillaceae
  0.01	9	9	G	44130	            uncultured
  0.36	400	0	O	44330	        Sphingobacteriales
  0.36	397	182	F	44348	          Sphingobacteriaceae
  0.19	207	207	G	44360	            Sphingobacterium
  0.00	5	5	G	44355	            Pedobacter
  0.00	3	3	G	44361	            uncultured
  0.00	3	0	F	44340	          Lentimicrobiaceae
  0.00	3	3	G	44341	            Lentimicrobium
  0.23	257	7	O	43870	        Bacteroidales
  0.22	248	0	F	43964	          Rikenellaceae
  0.22	246	246	G	43972	            Rikenellaceae RC9 gut group
  0.00	2	2	G	43968	            DMER64
  0.00	1	0	F	43927	          Muribaculaceae
  0.00	1	1	G	43929	            Muribaculum
  0.00	1	1	F	43880	          Bacteroidetes BD2-2
  0.00	1	0	C	44402	      Rhodothermia
  0.00	1	0	O	44403	        Balneolales
  0.00	1	0	F	44404	          Balneolaceae
  0.00	1	1	G	44408	            Balneola
  0.22	241	0	P	44430	    Bdellovibrionota
  0.22	239	0	C	44443	      Oligoflexia
  0.22	239	239	O	44444	        0319-6G20
  0.00	2	0	C	44431	      Bdellovibrionia
  0.00	2	0	O	44438	        Bdellovibrionales
  0.00	2	0	F	44439	          Bdellovibrionaceae
  0.00	2	2	G	44440	            Bdellovibrio
  0.08	84	1	P	1385	    Chloroflexi
  0.07	73	0	C	1386	      Anaerolineae
  0.05	54	0	O	25127	        Ardenticatenales
  0.05	54	54	F	25131	          uncultured
  0.01	13	13	O	25141	        RBG-13-54-9
  0.00	3	3	O	25142	        SBR1031
  0.00	2	0	O	1387	        Anaerolineales
  0.00	2	2	F	1388	          Anaerolineaceae
  0.00	1	1	O	25150	        uncultured
  0.01	9	0	C	1411	      Chloroflexia
  0.01	9	0	O	25163	        Thermomicrobiales
  0.01	9	9	F	25165	          JG30-KF-CM45
  0.00	1	1	C	1448	      KD4-96
  0.01	10	0	P	43177	    Acidobacteriota
  0.00	4	0	C	43215	      Blastocatellia
  0.00	4	0	O	43231	        Pyrinomonadales
  0.00	4	0	F	43232	          Pyrinomonadaceae
  0.00	4	4	G	43234	            RB41
  0.00	2	0	C	43267	      Vicinamibacteria
  0.00	2	0	O	43271	        Vicinamibacterales
  0.00	2	2	F	43276	          uncultured
  0.00	1	0	C	43179	      Acidobacteriae
  0.00	1	1	O	43182	        Acidobacteriales
  0.00	1	0	C	43213	      Aminicenantia
  0.00	1	1	O	43214	        Aminicenantales
  0.00	1	1	C	43249	      ODP1230B23.02
  0.00	1	0	C	43259	      Thermoanaerobaculia
  0.00	1	0	O	43260	        Thermoanaerobaculales
  0.00	1	0	F	43261	          Thermoanaerobaculaceae
  0.00	1	1	G	43263	            Subgroup 10
  0.01	8	0	P	46587	    Spirochaetota
  0.01	8	0	C	46609	      Spirochaetia
  0.01	8	0	O	46610	        Spirochaetales
  0.01	8	0	F	46611	          Spirochaetaceae
  0.01	6	6	G	46625	            uncultured
  0.00	2	2	G	46615	            Candidatus Marispirochaeta
  0.01	8	0	P	44881	    Deinococcota
  0.01	8	0	C	44882	      Deinococci
  0.01	8	0	O	44883	        Deinococcales
  0.01	8	0	F	44884	          Deinococcaceae
  0.01	8	8	G	44886	            Deinococcus
  0.01	6	0	P	44898	    Desulfobacterota
  0.00	2	0	C	45060	      Syntrophobacteria
  0.00	2	0	O	45061	        Syntrophobacterales
  0.00	2	0	F	45062	          Syntrophobacteraceae
  0.00	2	2	G	45068	            Syntrophobacter
  0.00	1	0	C	44910	      Desulfobacteria
  0.00	1	0	O	44914	        Desulfobacterales
  0.00	1	1	F	44954	          uncultured
  0.00	1	0	C	44955	      Desulfobulbia
  0.00	1	0	O	44956	        Desulfobulbales
  0.00	1	0	F	44957	          Desulfobulbaceae
  0.00	1	1	G	44961	            uncultured
  0.00	1	0	C	44985	      Desulfovibrionia
  0.00	1	0	O	44986	        Desulfovibrionales
  0.00	1	0	F	44987	          Desulfohalobiaceae
  0.00	1	1	G	44989	            Desulfovermiculus
  0.00	1	0	C	45053	      Syntrophia
  0.00	1	0	O	45054	        Syntrophales
  0.00	1	1	F	45059	          uncultured
  0.00	5	0	P	25752	    Patescibacteria
  0.00	2	0	C	25764	      Gracilibacteria
  0.00	1	1	O	25765	        Absconditabacteriales (SR1)
  0.00	1	1	O	25767	        Candidatus Peregrinibacteria
  0.00	1	0	C	25772	      Microgenomatia
  0.00	1	1	O	25784	        Candidatus Woesebacteria
  0.00	1	1	C	25786	      Parcubacteria
  0.00	1	0	C	25821	      Saccharimonadia
  0.00	1	0	O	25822	        Saccharimonadales
  0.00	1	0	F	25823	          Saccharimonadaceae
  0.00	1	1	G	25824	            Candidatus Saccharimonas
  0.00	4	0	P	43853	    Armatimonadota
  0.00	4	0	C	43863	      Fimbriimonadia
  0.00	4	0	O	43864	        Fimbriimonadales
  0.00	4	4	F	43865	          Fimbriimonadaceae
  0.00	3	0	P	46698	    Verrucomicrobiota
  0.00	3	0	C	46741	      Lentisphaeria
  0.00	2	2	O	46745	        Oligosphaerales
  0.00	1	0	O	46742	        Lentisphaerales
  0.00	1	0	F	46743	          Lentisphaeraceae
  0.00	1	1	G	46744	            Lentisphaera
  0.00	3	0	P	46016	    Planctomycetota
  0.00	1	1	C	46032	      OM190
  0.00	1	0	C	46071	      Planctomycetes
  0.00	1	0	O	46072	        Gemmatales
  0.00	1	1	F	46073	          Gemmataceae
  0.00	1	1	C	46125	      vadinHA49
  0.00	3	0	P	45909	    Myxococcota
  0.00	1	0	C	45910	      Myxococcia
  0.00	1	0	O	45911	        Myxococcales
  0.00	1	0	F	45915	          Myxococcaceae
  0.00	1	1	G	45925	            P3OB-42
  0.00	1	0	C	45932	      Polyangia
  0.00	1	1	O	45970	        VHS-B3-70
  0.00	1	1	C	45973	      bacteriap25
  0.00	3	0	P	44479	    Campilobacterota
  0.00	3	0	C	44480	      Campylobacteria
  0.00	3	0	O	44481	        Campylobacterales
  0.00	1	0	F	44505	          Sulfurimonadaceae
  0.00	1	1	G	44506	            Sulfuricurvum
  0.00	1	0	F	44511	          Sulfurovaceae
  0.00	1	1	G	44512	            Nitratifractor
  0.00	1	1	F	44516	          uncultured
  0.00	2	0	P	1500	    Cyanobacteria
  0.00	2	1	C	44560	      Cyanobacteriia
  0.00	1	1	O	44561	        Chloroplast
  0.00	1	1	P	11417	    PAUC34f
  0.00	1	0	P	45855	    Fusobacteriota
  0.00	1	0	C	45856	      Fusobacteriia
  0.00	1	0	O	45857	        Fusobacteriales
  0.00	1	0	F	45858	          Fusobacteriaceae
  0.00	1	1	G	45860	            Fusobacterium
  0.00	1	0	P	45116	    Fibrobacterota
  0.00	1	0	C	45126	      Fibrobacteria
  0.00	1	0	O	45127	        Fibrobacterales
  0.00	1	1	G	45132	          BBMC-4
  0.00	1	0	P	11400	    Hydrogenedentes
  0.00	1	0	C	25702	      Hydrogenedentia
  0.00	1	0	O	25703	        Hydrogenedentiales
  0.00	1	1	F	25704	          Hydrogenedensaceae
  0.00	1	1	P	45974	    NB1-j
  0.00	1	1	P	46586	    SAR324 clade(Marine group B)
  0.00	1	0	P	25541	    Dependentiae
  0.00	1	0	C	25542	      Babeliae
  0.00	1	0	O	25543	        Babeliales
  0.00	1	1	F	25548	          Vermiphilaceae
  7.11	7890	623	D	4	  Eukaryota
  5.88	6526	75	D1	46848	    Amorphea
  5.82	6451	0	D2	46957	      Obazoa
  5.82	6451	191	D3	46958	        Opisthokonta
  5.29	5863	107	D	47567	          Nucletmycea
  5.19	5756	372	K	47572	            Fungi
  4.84	5372	900	K1	47666	              Dikarya
  3.53	3921	8	P	47667	                Ascomycota
  3.51	3899	874	P1	47673	                  Pezizomycotina
  1.50	1669	3	C	47685	                    Dothideomycetes
  1.48	1643	78	O	47800	                      Pleosporales
  1.39	1540	1540	F	47901	                        uncultured
  0.01	6	0	F	47851	                        Leptosphaeriaceae
  0.00	4	4	G	47852	                          Leptosphaeria
  0.00	2	2	G	47853	                          Neophaeosphaeria
  0.01	6	6	F	47831	                        Didymosphaeriaceae
  0.00	5	5	F	47843	                        Incertae Sedis
  0.00	3	0	F	47886	                        Roussoellaceae
  0.00	3	3	G	47887	                          Roussoella
  0.00	2	0	F	47876	                        Pleosporaceae
  0.00	1	1	G	47877	                          Alternaria
  0.00	1	1	G	47878	                          Bipolaris
  0.00	1	0	F	47859	                        Massarinaceae
  0.00	1	1	G	47861	                          Stagonospora
  0.00	1	0	F	47862	                        Morosphaeriaceae
  0.00	1	1	G	47863	                          Helicascus
  0.00	1	0	F	47888	                        Sporormiaceae
  0.00	1	1	G	47889	                          Preussia
  0.01	16	1	O	47697	                      Capnodiales
  0.01	8	0	F	47703	                        Cladosporiaceae
  0.01	8	8	G	47704	                          Cladosporium
  0.01	6	1	F	47743	                        Teratosphaeriaceae
  0.00	4	4	G	47751	                          Friedmanniomyces
  0.00	1	1	G	47752	                          Hortaea
  0.00	1	0	F	47717	                        Mycosphaerellaceae
  0.00	1	1	G	47733	                          Ramularia
  0.00	5	0	O	47761	                      Dothideales
  0.00	5	0	F	47762	                        Aureobasidiaceae
  0.00	5	5	G	47763	                          Aureobasidium
  0.00	1	0	O	47778	                      Incertae Sedis
  0.00	1	0	F	47783	                        Kirschsteiniotheliaceae
  0.00	1	1	G	47784	                          Kirschsteiniothelia
  0.00	1	0	O	47920	                      Venturiales
  0.00	1	0	F	47921	                        Sympoventuriaceae
  0.00	1	1	G	47924	                          Ochroconis
  1.12	1239	70	C	47931	                    Eurotiomycetes
  1.00	1108	0	O	47999	                      Onygenales
  0.98	1089	1089	G	48029	                        Leucothecium
  0.01	9	0	F	48000	                        Ajellomycetaceae
  0.00	5	5	G	48001	                          Blastomyces
  0.00	3	3	G	48005	                          Paracoccidioides
  0.00	1	1	G	48003	                          Histoplasma
  0.01	7	0	F	48033	                        Onygenaceae
  0.00	4	4	G	48034	                          Aphanoascus
  0.00	3	3	G	48039	                          Chrysosporium
  0.00	2	0	F	48026	                        Incertae Sedis
  0.00	2	2	G	48027	                          Coccidioides
  0.00	1	1	F	48021	                        Gymnoascaceae
  0.04	39	2	O	47960	                      Eurotiales
  0.02	26	0	F	47984	                        Trichocomaceae
  0.02	26	26	G	47987	                          Talaromyces
  0.01	11	0	F	47961	                        Aspergillaceae
  0.01	10	10	G	47962	                          Aspergillus
  0.00	1	1	G	47970	                          Penicillium
  0.02	18	0	O	47932	                      Chaetothyriales
  0.01	15	0	F	47938	                        Herpotrichiellaceae
  0.01	8	8	G	47942	                          Exophiala
  0.01	7	7	G	47941	                          Cladophialophora
  0.00	3	0	F	47948	                        Trichomeriaceae
  0.00	3	3	G	47951	                          Knufia
  0.00	4	0	O	48049	                      Verrucariales
  0.00	4	0	F	48050	                        Verrucariaceae
  0.00	3	3	G	48063	                          Placocarpus
  0.00	1	1	G	48057	                          Hydropunctaria
  0.06	67	16	C	48518	                    Sordariomycetes
  0.02	20	2	O	48562	                      Hypocreales
  0.01	9	8	F	48579	                        Cordycipitaceae
  0.00	1	1	G	48581	                          Beauveria
  0.00	3	0	F	48593	                        Incertae Sedis
  0.00	2	2	G	48594	                          Acremonium
  0.00	1	1	G	48595	                          Sarocladium
  0.00	2	0	F	48571	                        Clavicipitaceae
  0.00	1	1	G	48573	                          Epichloe
  0.00	1	1	G	48576	                          Metarhizium
  0.00	2	0	F	48598	                        Nectriaceae
  0.00	1	1	G	48600	                          Fusarium
  0.00	1	1	G	48602	                          Nectria
  0.00	2	0	F	48615	                        Stachybotryaceae
  0.00	2	2	G	48619	                          Stachybotrys
  0.01	10	0	O	48689	                      Ophiostomatales
  0.01	10	3	F	48690	                        Ophiostomataceae
  0.00	4	4	G	48698	                          Raffaelea
  0.00	3	3	G	48695	                          Leptographium
  0.01	7	0	O	48652	                      Microascales
  0.00	3	2	F	48661	                        Halosphaeriaceae
  0.00	1	1	G	48663	                          Corollospora
  0.00	2	2	F	48654	                        Ceratocystidaceae
  0.00	2	0	F	48659	                        Graphiaceae
  0.00	2	2	G	48660	                          Graphium
  0.00	3	0	O	48737	                      Xylariales
  0.00	2	2	G	48752	                        Diatrypasimilis
  0.00	1	0	F	48761	                        Xylariaceae
  0.00	1	1	G	48767	                          Hypoxylon
  0.00	3	0	O	48548	                      Glomerellales
  0.00	2	0	F	48554	                        Plectosphaerellaceae
  0.00	2	2	G	48558	                          Verticillium
  0.00	1	0	F	48552	                        Glomerellaceae
  0.00	1	1	G	48553	                          Colletotrichum
  0.00	2	0	O	48532	                      Diaporthales
  0.00	2	2	F	48546	                        Valsaceae
  0.00	2	0	O	48711	                      Sordariales
  0.00	1	0	F	48716	                        Chaetomiaceae
  0.00	1	1	G	48717	                          Chaetomium
  0.00	1	1	F	48730	                        uncultured
  0.00	2	0	O	48686	                      Myrmecridiales
  0.00	2	0	F	48687	                        Myrmecridiaceae
  0.00	2	2	G	48688	                          Myrmecridium
  0.00	1	0	O	48529	                      Conioscyphales
  0.00	1	0	F	48530	                        Conioscyphaceae
  0.00	1	1	G	48531	                          Conioscypha
  0.00	1	0	O	48642	                      Magnaporthales
  0.00	1	0	F	48643	                        Magnaporthaceae
  0.00	1	1	G	48648	                          Pseudohalonectria
  0.03	35	1	C	48090	                    Lecanoromycetes
  0.01	10	0	O	48218	                      Pertusariales
  0.01	9	0	F	48225	                        Ochrolechiaceae
  0.01	9	9	G	48226	                          Ochrolechia
  0.00	1	0	F	48227	                        Pertusariaceae
  0.00	1	1	G	48229	                          Pertusaria
  0.01	7	0	O	48263	                      Umbilicariales
  0.01	7	0	F	48264	                        Umbilicariaceae
  0.01	7	7	G	48265	                          Umbilicaria
  0.01	6	0	O	48233	                      Teloschistales
  0.01	6	2	F	48241	                        Teloschistaceae
  0.00	3	3	G	48250	                          Polycauliona
  0.00	1	1	G	48253	                          Teloschistes
  0.00	3	0	O	48116	                      Lecanorales
  0.00	2	0	F	48140	                        Parmeliaceae
  0.00	2	2	G	48148	                          Pannoparmelia
  0.00	1	0	F	48164	                        Ramalinaceae
  0.00	1	1	G	48174	                          [Epicladonia]
  0.00	2	0	O	48096	                      Baeomycetales
  0.00	2	2	G	48098	                        Baeomyces
  0.00	2	0	O	48099	                      Caliciales
  0.00	2	0	F	48100	                        Caliciaceae
  0.00	2	2	G	48103	                          Cyphelium
  0.00	2	0	O	48187	                      Ostropales
  0.00	1	0	F	48188	                        Graphidaceae
  0.00	1	1	G	48190	                          Gomphillus
  0.00	1	1	G	48193	                        Gyalecta
  0.00	2	0	O	48199	                      Peltigerales
  0.00	2	0	F	48212	                        Peltigeraceae
  0.00	1	1	G	48213	                          Peltigera
  0.00	1	1	G	48214	                          Solorina
  0.01	7	1	C	48270	                    Leotiomycetes
  0.00	4	1	O	48287	                      Helotiales
  0.00	2	0	F	48355	                        Sclerotiniaceae
  0.00	2	2	G	48357	                          Morus
  0.00	1	0	F	48317	                        Helotiaceae
  0.00	1	1	G	48318	                          Acidea
  0.00	1	0	O	48271	                      Cyttariales
  0.00	1	0	F	48272	                        Cyttariaceae
  0.00	1	1	G	48273	                          Cyttaria
  0.00	1	0	O	48274	                      Erysiphales
  0.00	1	0	F	48275	                        Erysiphaceae
  0.00	1	1	G	48279	                          Erysiphe
  0.00	5	0	C	48419	                    Pezizomycetes
  0.00	5	0	O	48420	                      Pezizales
  0.00	4	3	F	48450	                        Pezizaceae
  0.00	1	1	G	48456	                          Peziza
  0.00	1	0	F	48460	                        Pyronemataceae
  0.00	1	1	G	48465	                          Diehliomyces
  0.00	2	0	C	48386	                    Lichinomycetes
  0.00	2	0	O	48387	                      Lichinales
  0.00	2	0	F	48390	                        Lichinaceae
  0.00	1	1	G	48400	                          Peccania
  0.00	1	1	G	48406	                          Thyrea
  0.00	1	1	C	48782	                    uncultured
  0.01	13	0	P1	48783	                  Saccharomycotina
  0.01	13	0	C	48784	                    Saccharomycetes
  0.01	13	4	O	48785	                      Saccharomycetales
  0.00	3	0	F	48836	                        Phaffomycetaceae
  0.00	3	3	G	48845	                          Wickerhamomyces
  0.00	2	1	F	48792	                        Debaryomycetaceae
  0.00	1	1	G	48797	                          Candida-Lodderomyces clade
  0.00	2	0	F	48818	                        Incertae Sedis
  0.00	2	2	G	48820	                          Candida
  0.00	2	0	F	48855	                        Saccharomycetaceae
  0.00	1	1	G	48857	                          Cyniclomyces
  0.00	1	1	G	48875	                          Zygosaccharomyces
  0.00	1	0	P1	48897	                  Taphrinomycotina
  0.00	1	0	C	48914	                    Taphrinomycetes
  0.00	1	0	O	48915	                      Taphrinales
  0.00	1	0	F	48918	                        Taphrinaceae
  0.00	1	1	G	48919	                          Taphrina
  0.50	551	24	P	48920	                Basidiomycota
  0.41	458	0	P1	48921	                  Agaricomycotina
  0.41	453	3	C	48922	                    Agaricomycetes
  0.40	445	442	O	48923	                      Agaricales
  0.00	1	1	G	48998	                        Neohygrocybe
  0.00	1	0	F	49008	                        Physalacriaceae
  0.00	1	1	G	49011	                          Flammulina
  0.00	1	0	F	49032	                        Schizophyllaceae
  0.00	1	1	G	49033	                          Grifola
  0.00	2	0	O	49273	                      Russulales
  0.00	1	0	F	49276	                        Auriscalpiaceae
  0.00	1	1	G	49277	                          Artomyces
  0.00	1	1	G	49297	                        Peniophora
  0.00	1	0	O	49096	                      Boletales
  0.00	1	1	G	49107	                        Calostoma
  0.00	1	0	O	49154	                      Corticiales
  0.00	1	0	F	49155	                        Corticiaceae
  0.00	1	1	G	49164	                          Phlebia
  0.00	1	0	O	49318	                      Thelephorales
  0.00	1	1	F	49324	                        uncultured
  0.00	4	0	C	49346	                    Tremellomycetes
  0.00	2	0	O	49371	                      Tremellales
  0.00	2	0	F	49405	                        Tremellaceae
  0.00	2	2	G	49406	                          Tremella
  0.00	2	0	O	49411	                      Trichosporonales
  0.00	2	0	F	49413	                        Trichosporonaceae
  0.00	1	1	G	49415	                          Cutaneotrichosporon
  0.00	1	1	G	49417	                          Trichosporon
  0.00	1	0	C	49329	                    Dacrymycetes
  0.00	1	0	O	49330	                      Dacrymycetales
  0.00	1	0	F	49333	                        Dacrymycetaceae
  0.00	1	1	G	49335	                          Dacrymyces
  0.06	63	0	P1	49423	                  Pucciniomycotina
  0.06	63	0	C	49480	                    Microbotryomycetes
  0.06	62	0	O	49508	                      Microbotryales
  0.06	62	0	F	49509	                        Microbotryaceae
  0.06	62	62	G	49510	                          Microbotryum
  0.00	1	0	O	49514	                      Sporidiobolales
  0.00	1	0	F	49515	                        Sporidiobolaceae
  0.00	1	1	G	49517	                          Rhodotorula
  0.01	6	0	P1	49599	                  Ustilaginomycotina
  0.00	5	0	C	49637	                    Malasseziomycetes
  0.00	5	0	O	49638	                      Malasseziales
  0.00	5	0	F	49639	                        Malasseziaceae
  0.00	5	5	G	49640	                          Malassezia
  0.00	1	0	C	49600	                    Exobasidiomycetes
  0.00	1	0	O	49601	                      Doassansiales
  0.00	1	1	G	49602	                        Heterodoassansia
  0.01	7	0	P	49681	              Mucoromycota
  0.01	6	0	P1	49682	                Glomeromycotina
  0.01	6	0	C	49683	                  Glomeromycetes
  0.00	4	0	O	49708	                    Glomerales
  0.00	3	0	F	49709	                      Claroideoglomeraceae
  0.00	3	3	G	49710	                        Claroideoglomus
  0.00	1	0	F	49711	                      Glomeraceae
  0.00	1	1	G	49714	                        Rhizophagus
  0.00	1	0	O	49691	                    Diversisporales
  0.00	1	0	F	49699	                      Gigasporaceae
  0.00	1	1	G	49704	                        Scutellospora
  0.00	1	1	O	49722	                    uncultured
  0.00	1	0	P1	49730	                Mucoromycotina
  0.00	1	0	C	49731	                  Incertae Sedis
  0.00	1	0	O	49732	                    Endogonales
  0.00	1	0	F	49733	                      Endogonaceae
  0.00	1	1	G	49735	                        uncultured
  0.00	3	0	P	47588	              Chytridiomycota
  0.00	3	0	P1	47589	                Incertae Sedis
  0.00	3	0	C	47590	                  Chytridiomycetes
  0.00	2	0	O	47627	                    Rhizophydiales
  0.00	1	1	F	47631	                      Kappamycetaceae
  0.00	1	1	F	47633	                      Rhizophydiaceae
  0.00	1	0	O	47636	                    Spizellomycetales
  0.00	1	0	F	47639	                      Powellomycetaceae
  0.00	1	1	G	47640	                        Geranomyces
  0.00	1	0	P	47573	              Blastocladiomycota
  0.00	1	0	P1	47574	                Incertae Sedis
  0.00	1	0	C	47575	                  Blastocladiomycetes
  0.00	1	0	O	47576	                    Blastocladiales
  0.00	1	0	F	47577	                      Blastocladiaceae
  0.00	1	1	G	47580	                        Blastocladiella
  0.00	1	0	P	49811	              Zoopagomycota
  0.00	1	0	P1	49870	                Zoopagomycotina
  0.00	1	0	C	49871	                  Incertae Sedis
  0.00	1	1	O	49872	                    Zoopagales
  0.36	397	0	D	46959	          Holozoa
  0.36	397	0	D1	46960	            Choanozoa
  0.36	394	0	D2	47021	              Metazoa
  0.36	394	0	K	47022	                Animalia
  0.36	394	4	K1	47023	                  BCP clade
  0.35	388	293	K2	47024	                    Bilateria
  0.07	73	2	K3	47025	                      Deuterostomia
  0.06	71	3	K4	47041	                        Chordata
  0.06	68	0	P	47057	                          Vertebrata
  0.06	67	1	P1	47063	                            Gnathostomata
  0.06	66	0	P2	47071	                              Euteleostomi
  0.06	62	2	P3	47082	                                Tetrapoda
  0.05	57	57	C	47087	                                  Mammalia
  0.00	2	2	C	47084	                                  Aves
  0.00	1	1	C	47085	                                  Crocodylia
  0.00	4	0	C	47072	                                Actinopterygii
  0.00	4	0	C1	47075	                                  Neopterygii
  0.00	2	2	O	47076	                                    Amiiformes
  0.00	2	2	C2	47078	                                    Teleostei
  0.00	1	0	P1	47058	                            Agnatha
  0.00	1	0	C	47059	                              Cephalaspidomorphi
  0.00	1	1	O	47060	                                Petromyzontiformes
  0.02	22	1	K3	47089	                      Protostomia
  0.01	14	1	K4	47095	                        Ecdysozoa
  0.01	10	1	P	47096	                          Arthropoda
  0.00	3	0	P1	47159	                            Hexapoda
  0.00	3	0	C	47166	                              Insecta
  0.00	3	0	C1	47169	                                Pterygota
  0.00	3	0	C2	47170	                                  Neoptera
  0.00	2	2	O	47180	                                    Diptera
  0.00	1	1	O	47188	                                    Neuroptera
  0.00	2	0	P1	47097	                            Chelicerata
  0.00	2	0	C	47098	                              Arachnida
  0.00	2	2	C1	47099	                                Acari
  0.00	2	0	P1	47113	                            Crustacea
  0.00	1	0	C	47120	                              Malacostraca
  0.00	1	0	C1	47121	                                Eumalacostraca
  0.00	1	1	C2	47123	                                  Hoplocarida
  0.00	1	0	C	47128	                              Maxillopoda
  0.00	1	0	C1	47131	                                Copepoda
  0.00	1	1	O	47133	                                  Cyclopoida
  0.00	2	0	P1	47207	                            Myriapoda
  0.00	2	0	C	47211	                              Diplopoda
  0.00	2	2	C1	47212	                                Helminthomorpha
  0.00	3	0	P	47215	                          Nematozoa
  0.00	3	0	P1	47216	                            Nematoda
  0.00	3	0	C	47230	                              Enoplea
  0.00	2	0	C1	47231	                                Dorylaimia
  0.00	2	2	C2	47235	                                  Mononchida
  0.00	1	0	C1	47237	                                Enoplia
  0.00	1	1	O	47238	                                  Enoplida
  0.01	7	0	K4	47263	                        Lophotrochozoa
  0.00	3	0	P	47337	                          Lophophorata
  0.00	3	0	P1	47338	                            Brachiopoda
  0.00	3	0	C	47343	                              Rhynchonelliformea
  0.00	3	0	C1	47344	                                Rhynchonellata
  0.00	3	3	O	47347	                                  Thecideida
  0.00	2	1	P	47395	                          Platyhelminthes
  0.00	1	0	C	47441	                            Rhabditophora
  0.00	1	0	O	47449	                              Rhabdocoela
  0.00	1	1	O1	47451	                                Kalyptorhynchia
  0.00	1	0	P	47325	                          Entoprocta
  0.00	1	0	C	47328	                            Solitaria
  0.00	1	1	O	47329	                              Loxosomatidae
  0.00	1	0	P	47350	                          Mollusca
  0.00	1	0	C	47381	                            Polyplacophora
  0.00	1	1	O	47382	                              Neoloricata
  0.00	2	0	P	47484	                    Cnidaria
  0.00	2	0	C	47498	                      Hydrozoa
  0.00	1	0	C1	47499	                        Hydroidolina
  0.00	1	1	O	47501	                          Leptothecata
  0.00	1	1	C1	47503	                        Trachylinae
  0.00	3	0	D2	46961	              Choanoflagellata
  0.00	3	0	C	46962	                Choanoflagellida
  0.00	2	0	C1	46975	                  Craspedida
  0.00	1	0	O	46980	                    Codosigidae
  0.00	1	1	G	46982	                      Lagenoeca
  0.00	1	1	F	46983	                    Salpingoecidae
  0.00	1	0	C1	46963	                  Acanthoecida
  0.00	1	0	F	46967	                    Stephanoecidae
  0.00	1	1	G	46971	                      Marine Choanoflagellates 1
  0.65	722	1	D1	8770	    SAR
  0.64	707	0	K	9387	      Rhizaria
  0.64	707	5	P	9388	        Cercozoa
  0.63	700	700	C	9539	          uncultured
  0.00	2	2	C	9417	          Glissomonadida
  0.01	10	2	K	8771	      Alveolata
  0.00	5	0	P	9360	        Protalveolata
  0.00	3	0	C	9376	          Syndiniales
  0.00	2	2	F	9380	            Syndiniales Group II
  0.00	1	1	F	9379	            Syndiniales Group I
  0.00	2	0	C	9363	          Colpodellida
  0.00	2	2	G	9364	            Colpodella
  0.00	1	0	P	8772	        Apicomplexa
  0.00	1	0	C	8783	          Conoidasida
  0.00	1	0	O	8784	            Coccidia
  0.00	1	0	F	8790	              Eimeriorina
  0.00	1	1	G	8803	                Sarcocystis
  0.00	1	0	P	8848	        Ciliophora
  0.00	1	0	C	8849	          Intramacronucleata
  0.00	1	0	O	9096	            Spirotrichea
  0.00	1	0	F	9185	              Oligotrichia
  0.00	1	1	G	14919	                Spirotontonia
  0.00	1	1	P	9386	        uncultured
  0.00	4	1	K	9629	      Stramenopiles
  0.00	3	0	P	9651	        Labyrinthulomycetes
  0.00	3	0	F	9665	          Thraustochytriaceae
  0.00	3	3	G	9672	            Schizochytrium
  0.02	18	0	D1	4152	    Archaeplastida
  0.02	18	1	K	4153	      Chloroplastida
  0.02	17	0	K1	4154	        Charophyta
  0.02	17	1	P	4161	          Phragmoplastophyta
  0.01	16	0	P1	4165	            Streptophyta
  0.01	16	0	C	4172	              Embryophyta
  0.01	16	0	C1	4307	                Tracheophyta
  0.01	16	2	C2	4372	                  Spermatophyta
  0.01	12	12	C3	4432	                    Magnoliophyta
  0.00	2	2	C3	12385	                    Pinophyta
  0.00	1	0	K	49904	    Discoba
  0.00	1	0	K1	49905	      Discicristata
  0.00	1	0	P	49906	        Euglenozoa
  0.00	1	0	C	49929	          Kinetoplastea
  0.00	1	0	C1	49932	            Metakinetoplastina
  0.00	1	0	O	49944	              Trypanosomatida
  0.00	1	1	G	49957	                Trypanosoma
