 82.75	199348	199348	U	0	unclassified
 17.25	41545	30	R	1	root
 10.85	26133	2686	D	3	  Bacteria
  5.46	13142	63	P	1672	    Firmicutes
  5.29	12741	266	C	1673	      Bacilli
  2.78	6703	0	O	45183	        Caldalkalibacillales
  2.78	6703	0	F	45184	          Caldalkalibacillaceae
  2.78	6703	6703	G	45185	            Caldalkalibacillus
  2.29	5509	319	O	1674	        Bacillales
  1.80	4341	227	F	1680	          Bacillaceae
  0.82	1972	1972	G	1707	            Oceanobacillus
  0.76	1839	1839	G	1688	            Bacillus
  0.07	174	174	G	1696	            Geobacillus
  0.03	65	65	G	1727	            Virgibacillus
  0.01	21	21	G	1686	            Anoxybacillus
  0.00	8	8	G	1681	            Aeribacillus
  0.00	8	8	G	1702	            Lentibacillus
  0.00	6	6	G	1729	            uncultured
  0.00	5	5	G	1725	            Thalassobacillus
  0.00	4	4	G	1708	            Ornithinibacillus
  0.00	4	4	G	1700	            Halobacillus
  0.00	2	2	G	1694	            Fictibacillus
  0.00	2	2	G	1685	            Anaerobacillus
  0.00	1	1	G	1698	            Gracilibacillus
  0.00	1	1	G	1712	            Pontibacillus
  0.00	1	1	G	1709	            Paraliobacillus
  0.00	1	1	G	1711	            Piscibacillus
  0.19	461	0	F	45167	          Marinococcaceae
  0.17	416	416	G	45171	            Natribacillus
  0.02	45	45	G	45174	            Sinobaca
  0.13	325	211	F	1753	          Planococcaceae
  0.02	39	39	G	1767	            Solibacillus
  0.01	33	33	G	1762	            Lysinibacillus
  0.01	17	17	G	1768	            Sporosarcina
  0.00	11	11	G	1770	            uncultured
  0.00	5	5	G	11273	            Psychrobacillus
  0.00	3	3	G	1761	            Kurthia
  0.00	3	3	G	1764	            Planococcus
  0.00	2	2	G	1756	            Chryseomicrobium
  0.00	1	1	G	1765	            Planomicrobium
  0.03	62	0	F	45175	          Salisediminibacteriaceae
  0.03	62	62	G	45177	            Salipaludibacillus
  0.00	1	0	F	1771	          Sporolactobacillaceae
  0.00	1	1	G	1774	            Tuberibacillus
  0.08	185	38	O	1800	        Lactobacillales
  0.06	136	0	F	1828	          Enterococcaceae
  0.03	78	78	G	1834	            Tetragenococcus
  0.02	58	58	G	1831	            Enterococcus
  0.00	4	0	F	1836	          Lactobacillaceae
  0.00	4	4	G	1837	            Lactobacillus
  0.00	3	0	F	1811	          Carnobacteriaceae
  0.00	1	1	G	1818	            Carnobacterium
  0.00	1	1	G	1820	            Dolosigranulum
  0.00	1	1	G	1821	            Granulicatella
  0.00	3	0	F	1850	          Streptococcaceae
  0.00	3	3	G	1853	            Streptococcus
  0.00	1	0	F	1839	          Leuconostocaceae
  0.00	1	1	G	1843	            Weissella
  0.02	37	1	O	45284	        Staphylococcales
  0.01	35	0	F	45287	          Staphylococcaceae
  0.01	35	35	G	45295	            Staphylococcus
  0.00	1	0	F	45285	          Gemellaceae
  0.00	1	1	G	45286	            Gemella
  0.01	13	0	O	45180	        Brevibacillales
  0.01	13	0	F	45181	          Brevibacillaceae
  0.01	13	13	G	45182	            Brevibacillus
  0.00	7	0	O	45158	        Alicyclobacillales
  0.00	7	0	F	45159	          Alicyclobacillaceae
  0.00	4	4	G	45163	            Tumebacillus
  0.00	3	3	G	45161	            Alicyclobacillus
  0.00	5	2	O	45200	        Erysipelotrichales
  0.00	3	0	F	45214	          Erysipelotrichaceae
  0.00	3	3	G	45226	            Faecalibaculum
  0.00	4	0	O	45240	        Exiguobacterales
  0.00	4	0	F	45241	          Exiguobacteraceae
  0.00	4	4	G	45242	            Exiguobacterium
  0.00	4	0	O	45270	        Paenibacillales
  0.00	4	0	F	45271	          Paenibacillaceae
  0.00	4	4	G	45277	            Paenibacillus
  0.00	3	0	O	45296	        Thermicanales
  0.00	3	0	F	45297	          Thermicanaceae
  0.00	3	3	G	45299	            Thermicanus
  0.00	1	0	O	45164	        Aneurinibacillales
  0.00	1	0	F	45165	          Aneurinibacillaceae
  0.00	1	1	G	45166	            Aneurinibacillus
  0.00	1	1	O	45246	        Izemoplasmatales
  0.00	1	0	O	45263	        Mycoplasmatales
  0.00	1	0	F	45264	          Mycoplasmataceae
  0.00	1	1	G	45269	            uncultured
  0.00	1	1	O	45282	        RF39
  0.00	1	0	O	45300	        Thermoactinomycetales
  0.00	1	0	F	45301	          Thermoactinomycetaceae
  0.00	1	1	G	45321	            uncultured
  0.12	298	128	C	1859	      Clostridia
  0.05	125	7	O	45570	        Peptostreptococcales-Tissierellales
  0.04	101	24	F	45618	          Peptostreptococcaceae
  0.01	29	29	G	45631	            Romboutsia
  0.00	10	10	G	45628	            Peptoclostridium
  0.00	8	8	G	45634	            Terrisporobacter
  0.00	8	8	G	45626	            Paraclostridium
  0.00	7	7	G	45637	            uncultured
  0.00	6	6	G	45624	            Intestinibacter
  0.00	5	5	G	45625	            Paeniclostridium
  0.00	1	1	G	45623	            Filifactor
  0.00	1	1	G	45621	            Clostridioides
  0.00	1	1	G	45633	            Tepidibacter
  0.00	1	1	G	45636	            [Eubacterium] yurii group
  0.00	10	0	F	45579	          Anaerovoracaceae
  0.00	6	6	G	45589	            uncultured
  0.00	3	3	G	45582	            Family XIII AD3011 group
  0.00	1	1	G	45587	            [Eubacterium] nodatum group
  0.00	3	3	G	45611	          JTB215
  0.00	2	2	G	45609	          Guggenheimella
  0.00	1	0	F	45604	          Fusibacteraceae
  0.00	1	1	G	45605	            Fusibacter
  0.00	1	1	G	45608	          Gottschalkia
  0.01	15	0	O	45508	        Oscillospirales
  0.00	6	1	F	45536	          Ruminococcaceae
  0.00	3	3	G	45553	            Subdoligranulum
  0.00	1	1	G	45557	            uncultured
  0.00	1	1	G	45552	            Ruminococcus
  0.00	3	1	F	45520	          Oscillospiraceae
  0.00	1	1	G	45524	            NK4A214 group
  0.00	1	1	G	45535	            uncultured
  0.00	3	3	F	45558	          UCG-010
  0.00	2	0	F	45509	          Butyricicoccaceae
  0.00	2	2	G	45510	            Butyricicoccus
  0.00	1	1	F	45559	          UCG-011
  0.01	14	0	O	45405	        Lachnospirales
  0.01	14	2	F	45409	          Lachnospiraceae
  0.00	5	5	G	45502	            uncultured
  0.00	2	2	G	45416	            Agathobacter
  0.00	1	1	G	45456	            Lachnospiraceae UCG-001
  0.00	1	1	G	45454	            Lachnospiraceae NK4A136 group
  0.00	1	1	G	45453	            Lachnospiraceae NK3A20 group
  0.00	1	1	G	45432	            Epulopiscium
  0.00	1	1	G	45430	            Dorea
  0.00	9	0	O	1863	        Clostridiales
  0.00	8	2	F	25630	          Clostridiaceae
  0.00	4	4	G	45342	            Clostridium sensu stricto 1
  0.00	1	1	G	45367	            uncultured
  0.00	1	1	G	45359	            Clostridium sensu stricto 8
  0.00	1	0	F	45368	          Oxobacteraceae
  0.00	1	1	G	45369	            Oxobacter
  0.00	5	0	O	45325	        Christensenellales
  0.00	5	0	F	45326	          Christensenellaceae
  0.00	4	4	G	45329	            Christensenellaceae R-7 group
  0.00	1	1	G	45327	            Catabacter
  0.00	1	1	O	45331	        Clostridia UCG-014
  0.00	1	0	F	45389	        Hungateiclostridiaceae
  0.00	1	1	G	45404	          uncultured
  0.01	14	0	C	2164	      Negativicutes
  0.01	14	0	O	45752	        Veillonellales-Selenomonadales
  0.00	11	1	F	45753	          Selenomonadaceae
  0.00	9	9	G	45762	            Selenomonas
  0.00	1	1	G	45760	            Quinella
  0.00	2	0	F	45766	          Sporomusaceae
  0.00	2	2	G	45769	            Anaerosinus
  0.00	1	0	F	45780	          Veillonellaceae
  0.00	1	1	G	45786	            Veillonella
  0.00	8	0	C	45687	      Desulfotomaculia
  0.00	8	0	O	45699	        Desulfotomaculales
  0.00	7	7	G	45703	          Desulfofarcimen
  0.00	1	0	F	45701	          Desulfallas-Sporotomaculum
  0.00	1	1	G	45702	            BRH-c8a
  0.00	7	0	C	45822	      Thermincolia
  0.00	7	0	O	45823	        Carboxydocellales
  0.00	7	0	F	45824	          Carboxydocellaceae
  0.00	7	7	G	45825	            Carboxydocella
  0.00	3	0	C	45669	      Desulfitobacteriia
  0.00	3	0	O	45670	        Desulfitobacteriales
  0.00	2	0	F	45675	          Heliobacteriaceae
  0.00	2	2	G	45678	            Heliobacterium
  0.00	1	0	F	45672	          Desulfitobacteriaceae
  0.00	1	1	G	45673	            Desulfitobacterium
  0.00	2	0	C	45845	      Thermovenabulia
  0.00	2	0	O	45846	        Thermovenabulales
  0.00	2	2	G	45849	          Tepidanaerobacter
  0.00	2	0	C	45802	      Syntrophomonadia
  0.00	2	0	O	45803	        Syntrophomonadales
  0.00	2	0	F	45804	          Syntrophomonadaceae
  0.00	1	1	G	45806	            Syntrophomonas
  0.00	1	1	G	45809	            uncultured
  0.00	2	0	C	45790	      Sulfobacillia
  0.00	2	0	O	45791	        Sulfobacillales
  0.00	2	0	F	45792	          Sulfobacillaceae
  0.00	1	1	G	45793	            Sulfobacillus
  0.00	1	1	G	45794	            uncultured
  0.00	1	0	C	14398	      Limnochordia
  0.00	1	1	O	45723	        B55-F-B-G02
  0.00	1	0	C	45717	      Incertae Sedis
  0.00	1	1	O	45718	        DTU014
  3.04	7323	716	P	2375	    Proteobacteria
  2.15	5178	1107	C	3303	      Gammaproteobacteria
  0.57	1376	2	O	3786	        Xanthomonadales
  0.57	1369	14	F	3799	          Xanthomonadaceae
  0.54	1306	1306	G	14689	            Vulcaniibacterium
  0.02	39	39	G	3818	            Stenotrophomonas
  0.00	4	4	G	3801	            Arenimonas
  0.00	3	3	G	3809	            Lysobacter
  0.00	2	2	G	3820	            Thermomonas
  0.00	1	1	G	3813	            Pseudoxanthomonas
  0.00	5	0	F	26864	          Rhodanobacteraceae
  0.00	1	1	G	26868	            Dokdonella
  0.00	1	1	G	26869	            Dyella
  0.00	1	1	G	26872	            Luteibacter
  0.00	1	1	G	26877	            Rhodanobacter
  0.00	1	1	G	26876	            Pseudofulvimonas
  0.51	1220	179	O	46187	        Burkholderiales
  0.15	360	125	F	46220	          Burkholderiaceae
  0.09	218	218	G	46221	            Burkholderia-Caballeronia-Paraburkholderia
  0.00	5	5	G	46226	            Limnobacter
  0.00	3	3	G	46224	            Cupriavidus
  0.00	3	3	G	46230	            Ralstonia
  0.00	3	3	G	46231	            Robbsia
  0.00	2	2	G	46229	            Polynucleobacter
  0.00	1	1	G	46225	            Lautropia
  0.13	309	105	F	46259	          Comamonadaceae
  0.02	56	56	G	46271	            Curvibacter
  0.01	26	26	G	46290	            Pelomonas
  0.01	23	23	G	46272	            Delftia
  0.01	18	18	G	46315	            uncultured
  0.01	13	13	G	46269	            Comamonas
  0.00	8	8	G	46292	            Polaromonas
  0.00	7	7	G	46260	            Acidovorax
  0.00	7	7	G	46304	            Sphaerotilus
  0.00	6	6	G	46282	            Leptothrix
  0.00	6	6	G	46262	            Aquabacterium
  0.00	5	5	G	46298	            Rhodoferax
  0.00	4	4	G	46273	            Diaphorobacter
  0.00	4	4	G	46303	            Simplicispira
  0.00	4	4	G	46266	            Caenimonas
  0.00	3	3	G	46296	            Ramlibacter
  0.00	3	3	G	46309	            Variovorax
  0.00	2	2	G	46301	            Rubrivivax
  0.00	2	2	G	46276	            Hydrogenophaga
  0.00	1	1	G	46312	            Xylophilus
  0.00	1	1	G	46311	            Xenophilus
  0.00	1	1	G	46294	            Pseudorhodoferax
  0.00	1	1	G	46288	            Ottowia
  0.00	1	1	G	46287	            Mitsuaria
  0.00	1	1	G	46261	            Alicycliphilus
  0.00	1	1	G	46268	            Candidatus Symbiobacter
  0.05	120	17	F	46375	          Oxalobacteraceae
  0.03	70	70	G	46383	            Duganella
  0.01	23	23	G	46388	            Massilia
  0.00	3	3	G	46380	            Candidatus Vidania
  0.00	2	2	G	46400	            uncultured
  0.00	2	2	G	46389	            Noviherbaspirillum
  0.00	2	2	G	46385	            Herbaspirillum
  0.00	1	1	G	46386	            Herminiimonas
  0.03	75	67	F	46337	          Methylophilaceae
  0.00	3	3	G	46345	            OM43 clade
  0.00	2	2	G	46341	            Methylobacillus
  0.00	1	1	G	46340	            MM2
  0.00	1	1	G	46342	            Methylophilus
  0.00	1	1	G	46347	            uncultured
  0.02	50	31	F	46189	          Alcaligenaceae
  0.00	7	7	G	46190	            Achromobacter
  0.00	4	4	G	46213	            uncultured
  0.00	3	3	G	46210	            Pusillimonas
  0.00	2	2	G	46200	            GKS98 freshwater group
  0.00	1	1	G	46212	            Verticiella
  0.00	1	1	G	46206	            Parapusillimonas
  0.00	1	1	G	46204	            Paenalcaligenes
  0.02	48	0	F	46361	          Nitrosomonadaceae
  0.02	44	44	G	46363	            DSSD61
  0.00	2	2	G	46367	            MND1
  0.00	2	2	G	46368	            Nitrosomonas
  0.02	40	29	F	46403	          Rhodocyclaceae
  0.00	4	4	G	46406	            Azospira
  0.00	2	2	G	46429	            uncultured
  0.00	2	2	G	46428	            Zoogloea
  0.00	2	2	G	46411	            Dechloromonas
  0.00	1	1	G	46405	            Azonexus
  0.01	13	0	F	46348	          Neisseriaceae
  0.00	12	12	G	46354	            Neisseria
  0.00	1	1	G	46360	            uncultured
  0.00	12	12	F	46430	          SC-I-84
  0.00	4	0	F	46325	          Hydrogenophilaceae
  0.00	2	2	G	46333	            uncultured
  0.00	1	1	G	46330	            Tepidiphilus
  0.00	1	1	G	46331	            Thiobacillus
  0.00	3	0	F	46431	          Sulfuricellaceae
  0.00	3	3	G	46434	            Sulfuriferula
  0.00	2	0	F	46334	          Leeiaceae
  0.00	2	2	G	46335	            Leeia
  0.00	2	0	F	46436	          Sutterellaceae
  0.00	2	2	G	46440	            uncultured
  0.00	1	0	F	46319	          Gallionellaceae
  0.00	1	1	G	46320	            Candidatus Nitrotoga
  0.00	1	0	F	46251	          Chromobacteriaceae
  0.00	1	1	G	46258	            Vogesella
  0.00	1	0	F	46233	          Burkholderiales Incertae Sedis
  0.00	1	1	G	46234	            2013Ark19i
  0.27	657	5	O	3709	        Pseudomonadales
  0.21	495	3	F	3718	          Pseudomonadaceae
  0.20	492	492	G	3723	            Pseudomonas
  0.07	157	18	F	3710	          Moraxellaceae
  0.04	90	90	G	3711	            Acinetobacter
  0.01	24	24	G	3716	            Psychrobacter
  0.01	22	22	G	3713	            Enhydrobacter
  0.00	2	2	G	3714	            Moraxella
  0.00	1	1	G	3712	            Alkanindiges
  0.24	573	61	O	46449	        Enterobacterales
  0.20	474	118	F	46454	          Enterobacteriaceae
  0.14	330	330	G	46463	            Escherichia-Shigella
  0.01	17	17	G	46462	            Enterobacter
  0.00	4	4	G	46465	            Klebsiella
  0.00	3	3	G	46459	            Citrobacter
  0.00	2	2	G	46474	            Salmonella
  0.01	25	1	F	46478	          Erwiniaceae
  0.01	20	20	G	46483	            Pantoea
  0.00	4	4	G	46484	            Phaseolibacter
  0.00	6	1	F	46493	          Morganellaceae
  0.00	1	1	G	46495	            Buchnera
  0.00	1	1	G	46494	            Arsenophonus
  0.00	1	1	G	46523	            endosymbionts
  0.00	1	1	G	46517	            Morganella
  0.00	1	1	G	46514	            Cosenzaea
  0.00	4	0	F	46536	          Yersiniaceae
  0.00	4	4	G	46541	            Serratia
  0.00	3	0	F	46525	          Pectobacteriaceae
  0.00	3	3	G	46531	            Sodalis
  0.05	110	2	O	3593	        Oceanospirillales
  0.04	105	3	F	3610	          Halomonadaceae
  0.04	102	102	G	3616	            Halomonas
  0.00	2	0	F	3667	          Saccharospirillaceae
  0.00	1	1	G	26784	            Bermanella
  0.00	1	1	G	26789	            Oceanobacter
  0.00	1	0	F	26768	          Nitrincolaceae
  0.00	1	1	G	26772	            Marinobacterium
  0.02	49	0	O	26825	        Steroidobacterales
  0.02	48	1	F	26826	          Steroidobacteraceae
  0.02	47	47	G	26829	            uncultured
  0.00	1	0	F	26830	          Woeseiaceae
  0.00	1	1	G	26832	            Woeseia
  0.01	36	0	O	11512	        Cellvibrionales
  0.01	26	0	F	11542	          Spongiibacteraceae
  0.01	26	26	G	11543	            BD1-7 clade
  0.00	5	0	F	11536	          Microbulbiferaceae
  0.00	5	5	G	11537	            Microbulbifer
  0.00	3	0	F	11514	          Cellvibrionaceae
  0.00	1	1	G	46446	            Halioxenophilus
  0.00	1	1	G	46444	            Agaribacterium
  0.00	1	1	G	11527	            uncultured
  0.00	2	0	F	11538	          Porticoccaceae
  0.00	1	1	G	11539	            C1-B045
  0.00	1	1	G	11540	            Porticoccus
  0.01	19	2	O	3333	        Alteromonadales
  0.00	12	0	F	3399	          Shewanellaceae
  0.00	12	12	G	3400	            Shewanella
  0.00	2	0	F	3392	          Pseudoalteromonadaceae
  0.00	2	2	G	3394	            Pseudoalteromonas
  0.00	2	0	F	3397	          Psychromonadaceae
  0.00	2	2	G	3398	            Psychromonas
  0.00	1	0	F	26313	          Marinobacteraceae
  0.00	1	1	G	26314	            Marinobacter
  0.00	5	5	O	3546	        HOC36
  0.00	4	0	O	3688	        Pasteurellales
  0.00	4	0	F	3689	          Pasteurellaceae
  0.00	2	2	G	3698	            Haemophilus
  0.00	1	1	G	3705	            Pasteurella
  0.00	1	1	G	3701	            Mannheimia
  0.00	3	0	O	3735	        Thiotrichales
  0.00	3	0	F	3754	          Thiotrichaceae
  0.00	3	3	G	3769	            Thiothrix
  0.00	3	0	O	26616	        Diplorickettsiales
  0.00	3	0	F	26617	          Diplorickettsiaceae
  0.00	2	2	G	26621	            uncultured
  0.00	1	1	G	26618	            Aquicella
  0.00	3	0	O	3316	        Aeromonadales
  0.00	2	0	F	3326	          Succinivibrionaceae
  0.00	1	1	G	3328	            Ruminobacter
  0.00	1	1	G	3331	            Succinivibrio
  0.00	1	0	F	3317	          Aeromonadaceae
  0.00	1	1	G	3318	            Aeromonas
  0.00	3	3	O	26808	        SAR86 clade
  0.00	2	0	O	26732	        Nitrosococcales
  0.00	1	0	F	26733	          Methylophagaceae
  0.00	1	1	G	26735	            Methylophaga
  0.00	1	0	F	26737	          Nitrosococcaceae
  0.00	1	1	G	26739	            AqS1
  0.00	2	0	O	3307	        Acidithiobacillales
  0.00	2	0	F	3309	          Acidithiobacillaceae
  0.00	1	1	G	3310	            Acidithiobacillus
  0.00	1	1	G	26302	            RCP1-48
  0.00	2	0	O	3775	        Vibrionales
  0.00	2	0	F	3776	          Vibrionaceae
  0.00	2	2	G	3783	            Vibrio
  0.00	2	0	O	3676	        Orbales
  0.00	2	0	F	3677	          Orbaceae
  0.00	2	2	G	3679	            Gilliamella
  0.00	1	0	O	3728	        Salinisphaerales
  0.00	1	0	F	26815	          Solimonadaceae
  0.00	1	1	G	26824	            uncultured
  0.00	1	0	O	3409	        Cardiobacteriales
  0.00	1	0	F	3410	          Cardiobacteriaceae
  0.00	1	1	G	3411	            Cardiobacterium
  0.59	1428	181	C	2379	      Alphaproteobacteria
  0.41	988	20	O	2421	        Rhizobiales
  0.35	842	744	F	2525	          Rhizobiaceae
  0.03	63	63	G	26091	            Allorhizobium-Neorhizobium-Pararhizobium-Rhizobium
  0.00	7	7	G	26115	            Ochrobactrum
  0.00	5	5	G	26112	            Mesorhizobium
  0.00	5	5	G	2526	            Ensifer
  0.00	4	4	G	26114	            Nitratireductor
  0.00	3	3	G	2529	            Shinella
  0.00	3	3	G	26120	            Pseudaminobacter
  0.00	2	2	G	26106	            Falsochrobactrum
  0.00	1	1	G	26107	            Fulvimarina
  0.00	1	1	G	26118	            Phyllobacterium
  0.00	1	1	G	26101	            Chelativorans
  0.00	1	1	G	26098	            Candidatus Hodgkinia
  0.00	1	1	G	26096	            Bartonella
  0.00	1	1	G	26095	            Aureimonas
  0.03	78	13	F	2435	          Beijerinckiaceae
  0.02	56	56	G	46157	            Methylobacterium-Methylorubrum
  0.00	5	5	G	2444	            uncultured
  0.00	2	2	G	26042	            Bosea
  0.00	1	1	G	14512	            Pseudochelatococcus
  0.00	1	1	G	26050	            Psychroglaciecola
  0.01	19	3	F	2545	          Xanthobacteraceae
  0.00	11	11	G	26151	            Bradyrhizobium
  0.00	2	2	G	26157	            Rhodoplanes
  0.00	2	2	G	2554	            uncultured
  0.00	1	1	G	26148	            Afipia
  0.00	7	0	F	26055	          Devosiaceae
  0.00	7	7	G	26064	            uncultured
  0.00	7	0	F	26081	          Pleomorphomonadaceae
  0.00	7	7	G	26088	            uncultured
  0.00	6	0	F	2472	          Hyphomicrobiaceae
  0.00	3	3	G	2480	            Hyphomicrobium
  0.00	3	3	G	2483	            Pedomicrobium
  0.00	6	0	F	2530	          Rhizobiales Incertae Sedis
  0.00	3	3	G	2532	            Bauldia
  0.00	2	2	G	11439	            Phreatobacter
  0.00	1	1	G	2534	            Nordella
  0.00	3	3	F	2423	          A0839
  0.06	135	0	O	2823	        Sphingomonadales
  0.06	135	44	F	2844	          Sphingomonadaceae
  0.02	43	43	G	2852	            Sphingomonas
  0.00	12	12	G	2846	            Novosphingobium
  0.00	10	10	G	2850	            Sphingobium
  0.00	8	8	G	26240	            Altererythrobacter
  0.00	6	6	G	2853	            Sphingopyxis
  0.00	3	3	G	26244	            Ellin6055
  0.00	2	2	G	14559	            Rhizorhapis
  0.00	2	2	G	2857	            Zymomonas
  0.00	1	1	G	26243	            DSSF69
  0.00	1	1	G	11469	            Polymorphobacter
  0.00	1	1	G	2858	            uncultured
  0.00	1	1	G	26245	            Erythrobacter
  0.00	1	1	G	2845	            Blastomonas
  0.02	47	0	O	2386	        Caulobacterales
  0.02	44	6	F	2387	          Caulobacteraceae
  0.01	24	24	G	2390	            Brevundimonas
  0.00	6	6	G	2392	            Phenylobacterium
  0.00	3	3	G	2391	            Caulobacter
  0.00	3	3	G	2393	            uncultured
  0.00	1	1	G	2389	            Asticcacaulis
  0.00	1	1	G	25965	            PMMR1
  0.00	3	0	F	2394	          Hyphomonadaceae
  0.00	2	2	G	2407	            uncultured
  0.00	1	1	G	2395	            Algimonas
  0.01	29	0	O	2557	        Rhodobacterales
  0.01	29	9	F	2558	          Rhodobacteraceae
  0.00	6	6	G	2607	            Paracoccus
  0.00	3	3	G	2666	            uncultured
  0.00	2	2	G	2653	            Sulfitobacter
  0.00	2	2	G	26172	            Rhodobaculum
  0.00	2	2	G	2572	            Falsirhodobacter
  0.00	1	1	G	46168	            Yoonia-Loktanella
  0.00	1	1	G	2624	            Rhodobacter
  0.00	1	1	G	26162	            HIMB11
  0.00	1	1	G	11446	            Ascidiaceihabitans
  0.00	1	1	G	2634	            Roseivivax
  0.01	15	0	O	2761	        Rickettsiales
  0.00	6	6	F	2805	          Mitochondria
  0.00	4	4	F	2801	          SM2D12
  0.00	3	3	F	2806	          uncultured
  0.00	1	0	F	2781	          Rickettsiaceae
  0.00	1	1	G	2782	            Candidatus Cryptoprodotis
  0.00	1	0	F	46172	          Fokiniaceae
  0.00	1	1	G	46179	            MD3-55
  0.00	8	1	O	2667	        Rhodospirillales
  0.00	3	0	F	26183	          Magnetospirillaceae
  0.00	3	3	G	26188	            uncultured
  0.00	3	3	F	26198	          uncultured
  0.00	1	1	F	26177	          AEGEAN-169 marine group
  0.00	5	5	O	2409	        Dstr-E11
  0.00	3	0	O	46132	        Defluviicoccales
  0.00	3	3	F	46135	          uncultured
  0.00	3	3	O	26269	        uncultured
  0.00	3	3	O	46126	        AT-s3-44
  0.00	2	0	O	26252	        Thalassobaculales
  0.00	1	0	F	26256	          Oceanibaculaceae
  0.00	1	1	G	26257	            Oceanibaculum
  0.00	1	1	F	26261	          uncultured
  0.00	2	0	O	26028	        Puniceispirillales
  0.00	2	2	F	26032	          SAR116 clade
  0.00	1	0	O	25978	        Elsterales
  0.00	1	0	F	25979	          Elsteraceae
  0.00	1	1	G	25983	            uncultured
  0.00	1	0	O	46142	        Kiloniellales
  0.00	1	0	F	46148	          Kiloniellaceae
  0.00	1	1	G	46151	            Pelagibius
  0.00	1	0	O	26016	        Parvibaculales
  0.00	1	1	F	26018	          PS1 clade
  0.00	1	0	O	26009	        Paracaedibacterales
  0.00	1	0	F	26010	          Paracaedibacteraceae
  0.00	1	1	G	26015	            uncultured
  0.00	1	0	O	25998	        Micavibrionales
  0.00	1	1	F	26002	          uncultured
  0.00	1	0	O	25900	        Acetobacterales
  0.00	1	0	F	25901	          Acetobacteraceae
  0.00	1	1	G	25904	            Acidiphilium
  0.00	1	1	O	2808	        SAR11 clade
  0.00	1	0	C	3845	      Zetaproteobacteria
  0.00	1	0	O	3846	        Mariprofundales
  0.00	1	0	F	3847	          Mariprofundaceae
  0.00	1	1	G	3848	            Mariprofundus
  0.94	2261	31	P	43279	    Actinobacteriota
  0.90	2160	444	C	43309	      Actinobacteria
  0.30	718	0	O	43677	        Pseudonocardiales
  0.30	718	363	F	43678	          Pseudonocardiaceae
  0.06	153	153	G	43702	            Sciscionella
  0.06	150	150	G	43700	            Saccharopolyspora
  0.02	44	44	G	43698	            Pseudonocardia
  0.00	2	2	G	43707	            Yuhushiella
  0.00	2	2	G	43683	            Actinopolyspora
  0.00	2	2	G	43689	            Crossiella
  0.00	1	1	G	43699	            Saccharomonospora
  0.00	1	1	G	43691	            Herbihabitans
  0.14	332	71	O	43416	        Micrococcales
  0.05	117	11	F	43554	          Micrococcaceae
  0.01	28	28	G	43573	            Rothia
  0.01	20	20	G	43556	            Arthrobacter
  0.01	18	18	G	43565	            Micrococcus
  0.01	13	13	G	43567	            Nesterenkonia
  0.00	8	8	G	43570	            Pseudarthrobacter
  0.00	6	6	G	43562	            Glutamicibacter
  0.00	6	6	G	43569	            Paeniglutamicibacter
  0.00	2	2	G	43564	            Kocuria
  0.00	2	2	G	43558	            Citricoccus
  0.00	1	1	G	43561	            Garicola
  0.00	1	1	G	43577	            Zhihengliuella
  0.00	1	1	G	43568	            Paenarthrobacter
  0.04	107	4	F	43490	          Microbacteriaceae
  0.03	72	72	G	43534	            Microbacterium
  0.00	9	9	G	43500	            Candidatus Limnoluna
  0.00	4	4	G	43498	            Candidatus Aquiluna
  0.00	3	3	G	43515	            Galbitalea
  0.00	3	3	G	43502	            Chryseoglobus
  0.00	2	2	G	43509	            Curtobacterium
  0.00	1	1	G	43492	            Agrococcus
  0.00	1	1	G	43553	            uncultured
  0.00	1	1	G	43543	            Pseudoclavibacter
  0.00	1	1	G	43537	            Mycetocola
  0.00	1	1	G	43530	            Lysinimonas
  0.00	1	1	G	43528	            Leucobacter
  0.00	1	1	G	43527	            Leifsonia
  0.00	1	1	G	43496	            Amnibacterium
  0.00	1	1	G	43501	            Candidatus Planktoluna
  0.00	1	1	G	43493	            Agromyces
  0.01	18	0	F	43423	          Bogoriellaceae
  0.01	18	18	G	43425	            Georgenia
  0.00	7	0	F	43426	          Brevibacteriaceae
  0.00	7	7	G	43427	            Brevibacterium
  0.00	4	0	F	43468	          Intrasporangiaceae
  0.00	2	2	G	43486	            Tetrasphaera
  0.00	1	1	G	43487	            uncultured
  0.00	1	1	G	43482	            Oryzihumus
  0.00	2	0	F	43579	          Micrococcales Incertae Sedis
  0.00	2	2	G	43581	            Timonella
  0.00	2	0	F	43582	          Promicromonosporaceae
  0.00	1	1	G	43583	            Cellulosimicrobium
  0.00	1	1	G	43587	            Promicromonospora
  0.00	1	0	F	43430	          Cellulomonadaceae
  0.00	1	1	G	43432	            Cellulomonas
  0.00	1	0	F	43439	          Demequinaceae
  0.00	1	1	G	43440	            Demequina
  0.00	1	0	F	43443	          Dermabacteraceae
  0.00	1	1	G	43444	            Brachybacterium
  0.00	1	0	F	43460	          Dermatophilaceae
  0.00	1	1	G	43467	            uncultured
  0.09	221	1	O	43640	        Propionibacteriales
  0.09	212	15	F	43651	          Propionibacteriaceae
  0.08	191	191	G	43656	            Cutibacterium
  0.00	2	2	G	43676	            uncultured
  0.00	2	2	G	43673	            Pseudopropionibacterium
  0.00	1	1	G	43675	            Tessaracoccus
  0.00	1	1	G	43663	            Microlunatus
  0.00	8	1	F	43641	          Nocardioidaceae
  0.00	3	3	G	43650	            uncultured
  0.00	2	2	G	43646	            Marmoricola
  0.00	1	1	G	43643	            Aeromicrobium
  0.00	1	1	G	43648	            Nocardioides
  0.07	166	0	O	43716	        Streptosporangiales
  0.04	99	94	F	43717	          Nocardiopsaceae
  0.00	4	4	G	43726	            Nocardiopsis
  0.00	1	1	G	43731	            uncultured
  0.03	63	0	F	43751	          Thermomonosporaceae
  0.03	63	63	G	43754	            Actinomadura
  0.00	4	0	F	43732	          Streptosporangiaceae
  0.00	2	2	G	43735	            Microbispora
  0.00	1	1	G	43737	            Nonomuraea
  0.00	1	1	G	43744	            Streptosporangium
  0.06	133	1	O	43342	        Corynebacteriales
  0.05	119	3	F	43343	          Corynebacteriaceae
  0.04	107	107	G	43344	            Corynebacterium
  0.00	9	9	G	43345	            Lawsonella
  0.00	7	0	F	43352	          Mycobacteriaceae
  0.00	7	7	G	43354	            Mycobacterium
  0.00	4	0	F	43355	          Nocardiaceae
  0.00	3	3	G	43359	            Rhodococcus
  0.00	1	1	G	43358	            Nocardia
  0.00	2	0	F	43350	          Dietziaceae
  0.00	2	2	G	43351	            Dietzia
  0.04	87	0	O	43709	        Streptomycetales
  0.04	87	0	F	43710	          Streptomycetaceae
  0.04	86	86	G	43715	            Streptomyces
  0.00	1	1	G	43713	            Kitasatospora
  0.01	18	0	O	43311	        Actinomycetales
  0.01	17	0	F	43312	          Actinomycetaceae
  0.00	10	10	G	43322	            uncultured
  0.00	5	5	G	43314	            Actinomyces
  0.00	1	1	G	43317	            F0332
  0.00	1	1	G	43321	            Varibaculum
  0.00	1	0	F	43323	          Actinomycetales Incertae Sedis
  0.00	1	1	G	43324	            Candidatus Ancillula
  0.01	18	1	O	43376	        Frankiales
  0.00	9	3	F	43393	          Sporichthyaceae
  0.00	3	3	G	43397	            hgcI clade
  0.00	1	1	G	43394	            Candidatus Planktophila
  0.00	1	1	G	43395	            Longivirga
  0.00	1	1	G	43396	            Sporichthya
  0.00	3	3	F	43399	          uncultured
  0.00	2	0	F	43385	          Geodermatophilaceae
  0.00	2	2	G	43390	            Modestobacter
  0.00	1	0	F	43377	          Acidothermaceae
  0.00	1	1	G	43378	            Acidothermus
  0.00	1	0	F	43382	          Frankiaceae
  0.00	1	1	G	43384	            Jatrophihabitans
  0.00	1	0	F	43391	          Nakamurellaceae
  0.00	1	1	G	43392	            Nakamurella
  0.00	8	0	O	43600	        Micromonosporales
  0.00	8	0	F	43601	          Micromonosporaceae
  0.00	3	3	G	43616	            Micromonospora
  0.00	2	2	G	43603	            Actinoplanes
  0.00	1	1	G	43630	            Virgisporangium
  0.00	1	1	G	43626	            Salinispora
  0.00	1	1	G	43615	            Luedemannella
  0.00	5	0	O	43634	        Nitriliruptorales
  0.00	5	5	F	43635	          Nitriliruptoraceae
  0.00	3	0	O	43370	        Euzebyales
  0.00	3	0	F	43371	          Euzebyaceae
  0.00	3	3	G	43373	            Euzebya
  0.00	3	0	O	43400	        Glycomycetales
  0.00	3	0	F	43401	          Glycomycetaceae
  0.00	3	3	G	43406	            uncultured
  0.00	2	0	O	43325	        Bifidobacteriales
  0.00	2	0	F	43326	          Bifidobacteriaceae
  0.00	1	1	G	43329	            Bifidobacterium
  0.00	1	1	G	43331	            Gardnerella
  0.00	1	0	O	43408	        Kineosporiales
  0.00	1	0	F	43409	          Kineosporiaceae
  0.00	1	1	G	43411	            Kineococcus
  0.00	1	1	O	43639	        PeM15
  0.02	57	0	C	43801	      Rubrobacteria
  0.02	57	0	O	43802	        Rubrobacterales
  0.02	57	0	F	43803	          Rubrobacteriaceae
  0.02	57	57	G	43804	            Rubrobacter
  0.00	8	0	C	43762	      Coriobacteriia
  0.00	8	0	O	43764	        Coriobacteriales
  0.00	6	3	F	43765	          Atopobiaceae
  0.00	3	3	G	43766	            Atopobium
  0.00	1	0	F	43772	          Coriobacteriaceae
  0.00	1	1	G	43773	            Collinsella
  0.00	1	0	F	43780	          Eggerthellaceae
  0.00	1	1	G	43788	            Enterorhabdus
  0.00	4	0	C	43280	      Acidimicrobiia
  0.00	2	0	O	43295	        Microtrichales
  0.00	1	0	F	43302	          Microtrichaceae
  0.00	1	1	G	43305	            Sva0996 marine group
  0.00	1	1	F	43307	          uncultured
  0.00	1	0	O	43290	        Actinomarinales
  0.00	1	1	F	43293	          uncultured
  0.00	1	1	O	43294	        IMCC26256
  0.00	1	1	C	43799	      MB-A2-108
  0.23	547	0	P	43868	    Bacteroidota
  0.23	547	16	C	43869	      Bacteroidia
  0.11	271	1	O	44330	        Sphingobacteriales
  0.11	268	0	F	44348	          Sphingobacteriaceae
  0.11	267	267	G	44360	            Sphingobacterium
  0.00	1	1	G	44357	            Pseudopedobacter
  0.00	1	1	F	44335	          E6aC02
  0.00	1	1	F	44340	          Lentimicrobiaceae
  0.04	94	0	O	44057	        Cytophagales
  0.04	94	0	F	44122	          Microscillaceae
  0.04	94	94	G	44130	            uncultured
  0.04	93	0	O	44004	        Chitinophagales
  0.04	93	16	F	44006	          Chitinophagaceae
  0.03	65	65	G	44036	            Sediminibacterium
  0.00	2	2	G	44043	            uncultured
  0.00	2	2	G	44039	            Terrimonas
  0.00	2	2	G	44015	            Ferruginibacter
  0.00	1	1	G	44030	            Parafilimonas
  0.00	1	1	G	44027	            Niabella
  0.00	1	1	G	44024	            Hydrobacter
  0.00	1	1	G	44021	            Flavitalea
  0.00	1	1	G	44037	            Segetibacter
  0.00	1	1	G	44041	            UTBCD1
  0.03	67	4	O	43870	        Bacteroidales
  0.02	60	0	F	43964	          Rikenellaceae
  0.02	39	39	G	43972	            Rikenellaceae RC9 gut group
  0.01	21	21	G	43965	            Alistipes
  0.00	2	0	F	43940	          Prevotellaceae
  0.00	1	1	G	43943	            Prevotella
  0.00	1	1	G	43946	            Prevotellaceae UCG-001
  0.00	1	0	F	43873	          Bacteroidaceae
  0.00	1	1	G	43874	            Bacteroides
  0.00	6	0	O	44160	        Flavobacteriales
  0.00	6	0	F	44183	          Flavobacteriaceae
  0.00	6	6	G	44221	            Flavobacterium
  0.02	40	7	P	44898	    Desulfobacterota
  0.01	23	0	C	45011	      Desulfuromonadia
  0.01	22	0	O	45012	        Bradymonadales
  0.01	22	22	F	45013	          Bradymonadaceae
  0.00	1	1	O	45039	        PB19
  0.00	5	0	C	44910	      Desulfobacteria
  0.00	5	1	O	44914	        Desulfobacterales
  0.00	2	2	F	44954	          uncultured
  0.00	1	0	F	44916	          Desulfobacteraceae
  0.00	1	1	G	44922	            Desulfocella
  0.00	1	0	F	44927	          Desulfococcaceae
  0.00	1	1	G	44929	            Desulfonema
  0.00	3	0	C	44985	      Desulfovibrionia
  0.00	3	0	O	44986	        Desulfovibrionales
  0.00	3	0	F	44990	          Desulfomicrobiaceae
  0.00	3	3	G	44991	            Desulfomicrobium
  0.00	1	0	C	44955	      Desulfobulbia
  0.00	1	0	O	44956	        Desulfobulbales
  0.00	1	0	F	44957	          Desulfobulbaceae
  0.00	1	1	G	44961	            uncultured
  0.00	1	0	C	45053	      Syntrophia
  0.00	1	0	O	45054	        Syntrophales
  0.00	1	0	F	45055	          Smithellaceae
  0.00	1	1	G	45056	            Smithella
  0.01	30	1	P	1385	    Chloroflexi
  0.01	27	0	C	1386	      Anaerolineae
  0.01	18	18	O	25141	        RBG-13-54-9
  0.00	5	5	O	25142	        SBR1031
  0.00	2	0	O	1387	        Anaerolineales
  0.00	2	2	F	1388	          Anaerolineaceae
  0.00	2	0	O	25127	        Ardenticatenales
  0.00	2	2	F	25131	          uncultured
  0.00	2	0	C	1450	      Ktedonobacteria
  0.00	2	0	O	1456	        Ktedonobacterales
  0.00	2	0	F	1464	          Ktedonobacteraceae
  0.00	1	1	G	1466	            uncultured
  0.00	1	1	G	25191	            1921-2
  0.01	21	0	P	44881	    Deinococcota
  0.01	21	0	C	44882	      Deinococci
  0.01	20	0	O	44883	        Deinococcales
  0.01	20	0	F	44884	          Deinococcaceae
  0.01	20	20	G	44886	            Deinococcus
  0.00	1	0	O	44890	        Thermales
  0.00	1	0	F	44891	          Thermaceae
  0.00	1	1	G	44893	            Meiothermus
  0.01	17	1	P	1500	    Cyanobacteria
  0.01	16	2	C	44560	      Cyanobacteriia
  0.00	10	10	O	44561	        Chloroplast
  0.00	4	0	O	44562	        Cyanobacteriales
  0.00	3	0	F	44636	          Nostocaceae
  0.00	2	2	G	44646	            Calothrix PCC-6303
  0.00	1	1	G	44682	            Rivularia PCC-7116
  0.00	1	0	F	44565	          Chroococcidiopsaceae
  0.00	1	1	G	44575	            uncultured
  0.00	9	0	P	44430	    Bdellovibrionota
  0.00	8	0	C	44443	      Oligoflexia
  0.00	8	8	O	44444	        0319-6G20
  0.00	1	0	C	44431	      Bdellovibrionia
  0.00	1	0	O	44438	        Bdellovibrionales
  0.00	1	0	F	44439	          Bdellovibrionaceae
  0.00	1	1	G	44440	            Bdellovibrio
  0.00	8	2	P	43177	    Acidobacteriota
  0.00	4	0	C	43215	      Blastocatellia
  0.00	4	0	O	43217	        Blastocatellales
  0.00	4	0	F	43218	          Blastocatellaceae
  0.00	4	4	G	43220	            Blastocatella
  0.00	2	0	C	43179	      Acidobacteriae
  0.00	1	0	O	43205	        Solibacterales
  0.00	1	0	F	43206	          Solibacteraceae
  0.00	1	1	G	43207	            Candidatus Solibacter
  0.00	1	1	O	43209	        Subgroup 13
  0.00	7	0	P	46587	    Spirochaetota
  0.00	6	0	C	46609	      Spirochaetia
  0.00	6	0	O	46610	        Spirochaetales
  0.00	6	0	F	46611	          Spirochaetaceae
  0.00	4	4	G	46625	            uncultured
  0.00	2	2	G	46624	            Treponema
  0.00	1	0	C	46599	      Leptospirae
  0.00	1	0	O	46600	        Leptospirales
  0.00	1	0	F	46601	          Leptospiraceae
  0.00	1	1	G	46606	            Turneriella
  0.00	6	0	P	45909	    Myxococcota
  0.00	4	4	C	45973	      bacteriap25
  0.00	2	0	C	45932	      Polyangia
  0.00	1	0	O	45935	        Haliangiales
  0.00	1	0	F	45936	          Haliangiaceae
  0.00	1	1	G	45937	            Haliangium
  0.00	1	0	O	45940	        Nannocystales
  0.00	1	0	F	45941	          Nannocystaceae
  0.00	1	1	G	45943	            Nannocystis
  0.00	5	0	P	43853	    Armatimonadota
  0.00	3	0	C	43863	      Fimbriimonadia
  0.00	3	0	O	43864	        Fimbriimonadales
  0.00	3	3	F	43865	          Fimbriimonadaceae
  0.00	2	2	C	43867	      uncultured
  0.00	4	0	P	46016	    Planctomycetota
  0.00	3	1	C	46071	      Planctomycetes
  0.00	2	0	O	46089	        Pirellulales
  0.00	2	0	F	46090	          Pirellulaceae
  0.00	2	2	G	46107	            uncultured
  0.00	1	0	C	46033	      Phycisphaerae
  0.00	1	0	O	46039	        MSBL9
  0.00	1	1	F	46043	          L21-RPul-D3
  0.00	4	0	P	25752	    Patescibacteria
  0.00	3	0	C	25772	      Microgenomatia
  0.00	1	1	O	25777	        Candidatus Curtissbacteria
  0.00	1	1	O	25779	        Candidatus Gottesmanbacteria
  0.00	1	1	O	25781	        Candidatus Pacebacteria
  0.00	1	1	C	25786	      Parcubacteria
  0.00	3	0	P	46698	    Verrucomicrobiota
  0.00	2	0	C	46771	      Verrucomicrobiae
  0.00	1	0	O	46791	        Opitutales
  0.00	1	0	F	46801	          Puniceicoccaceae
  0.00	1	1	G	46805	            Lentimonas
  0.00	1	0	O	46829	        Verrucomicrobiales
  0.00	1	0	F	46833	          Rubritaleaceae
  0.00	1	1	G	46838	            Roseibacillus
  0.00	1	0	C	46766	      Omnitrophia
  0.00	1	0	O	46767	        Omnitrophales
  0.00	1	0	F	46768	          Omnitrophaceae
  0.00	1	1	G	46769	            Candidatus Omnitrophus
  0.00	2	2	P	14741	    WS1
  0.00	2	2	P	46586	    SAR324 clade(Marine group B)
  0.00	2	0	P	45985	    Nitrospirota
  0.00	1	0	C	45990	      Leptospirillia
  0.00	1	0	O	45991	        Leptospirillales
  0.00	1	0	F	45992	          Leptospirillaceae
  0.00	1	1	G	45993	            Leptospirillum
  0.00	1	0	C	45998	      Thermodesulfovibrionia
  0.00	1	1	O	46006	        uncultured
  0.00	2	0	P	45093	    Elusimicrobiota
  0.00	1	1	C	45094	      4-29
  0.00	1	0	C	45095	      Elusimicrobia
  0.00	1	0	O	45096	        Elusimicrobiales
  0.00	1	0	F	45097	          Elusimicrobiaceae
  0.00	1	1	G	45098	            Elusimicrobium
  0.00	2	0	P	44479	    Campilobacterota
  0.00	2	0	C	44480	      Campylobacteria
  0.00	1	0	O	44481	        Campylobacterales
  0.00	1	0	F	44490	          Campylobacteraceae
  0.00	1	1	G	44491	            Campylobacter
  0.00	1	0	O	44517	        Nautiliales
  0.00	1	0	F	44518	          Nautiliaceae
  0.00	1	1	G	44519	            Caminibacter
  0.00	2	0	P	44471	    Calditrichota
  0.00	2	0	C	44472	      Calditrichia
  0.00	2	0	O	44473	        Calditrichales
  0.00	2	2	F	44474	          Calditrichaceae
  0.00	2	0	P	25727	    Modulibacteria
  0.00	2	0	C	25728	      Moduliflexia
  0.00	2	0	O	25729	        Moduliflexales
  0.00	2	2	F	25730	          Moduliflexaceae
  0.00	1	0	P	45873	    Gemmatimonadota
  0.00	1	1	C	45888	      PAUC43f marine benthic group
  0.00	1	1	P	45896	    MBNT15
  0.00	1	1	P	46634	    Sva0485
  0.00	1	0	P	46635	    Synergistota
  0.00	1	0	C	46636	      Synergistia
  0.00	1	0	O	46637	        Synergistales
  0.00	1	0	F	46638	          Synergistaceae
  0.00	1	1	G	46657	            uncultured
  0.00	1	1	P	45974	    NB1-j
  0.00	1	0	P	46669	    Thermotogota
  0.00	1	0	C	46670	      Thermotogae
  0.00	1	0	O	46689	        Thermotogales
  0.00	1	1	F	46690	          Fervidobacteriaceae
  6.39	15382	1301	D	4	  Eukaryota
  5.80	13973	32	D1	46848	    Amorphea
  5.78	13931	0	D2	46957	      Obazoa
  5.78	13931	410	D3	46958	        Opisthokonta
  4.04	9730	3	D	47567	          Nucletmycea
  4.04	9722	266	K	47572	            Fungi
  3.87	9324	146	K1	47666	              Dikarya
  2.56	6162	12	P	47667	                Ascomycota
  2.54	6118	2063	P1	47673	                  Pezizomycotina
  0.98	2360	167	C	47931	                    Eurotiomycetes
  0.50	1216	2	O	47999	                      Onygenales
  0.49	1188	1188	G	48029	                        Leucothecium
  0.00	8	0	F	48000	                        Ajellomycetaceae
  0.00	8	8	G	48001	                          Blastomyces
  0.00	5	0	F	48016	                        Ascosphaeraceae
  0.00	5	5	G	48017	                          Ascosphaera
  0.00	4	0	F	48021	                        Gymnoascaceae
  0.00	3	3	G	48024	                          Gymnoascus
  0.00	1	1	G	48022	                          Arachniotus
  0.00	4	0	F	48033	                        Onygenaceae
  0.00	3	3	G	48034	                          Aphanoascus
  0.00	1	1	G	48039	                          Chrysosporium
  0.00	3	0	F	48026	                        Incertae Sedis
  0.00	3	3	G	48027	                          Coccidioides
  0.00	2	0	F	48009	                        Arthrodermataceae
  0.00	2	2	G	48015	                          Trichophyton
  0.39	931	3	O	47960	                      Eurotiales
  0.38	917	125	F	47961	                        Aspergillaceae
  0.33	783	783	G	47962	                          Aspergillus
  0.00	6	6	G	47970	                          Penicillium
  0.00	3	3	G	47968	                          Monascus
  0.00	11	0	F	47984	                        Trichocomaceae
  0.00	11	11	G	47987	                          Talaromyces
  0.01	26	0	O	47932	                      Chaetothyriales
  0.01	26	0	F	47938	                        Herpotrichiellaceae
  0.01	18	18	G	47942	                          Exophiala
  0.00	7	7	G	47941	                          Cladophialophora
  0.00	1	1	G	47939	                          Berlesiella
  0.01	20	0	O	48049	                      Verrucariales
  0.01	20	0	F	48050	                        Verrucariaceae
  0.00	6	6	G	48068	                          Verrucula
  0.00	3	3	G	48063	                          Placocarpus
  0.00	3	3	G	48062	                          Placidium
  0.00	3	3	G	48061	                          Placidiopsis
  0.00	2	2	G	48057	                          Hydropunctaria
  0.00	1	1	G	48069	                          Verruculopsis
  0.00	1	1	G	48056	                          Heteroplacidium
  0.00	1	1	G	48060	                          Parabagliettoa
  0.51	1228	111	C	48518	                    Sordariomycetes
  0.27	648	613	O	48562	                      Hypocreales
  0.01	13	2	F	48579	                        Cordycipitaceae
  0.00	9	9	G	48583	                          Cordyceps
  0.00	2	2	G	48581	                          Beauveria
  0.00	6	0	F	48598	                        Nectriaceae
  0.00	5	5	G	48600	                          Fusarium
  0.00	1	1	G	48599	                          Chaetopsina
  0.00	5	1	F	48607	                        Ophiocordycipitaceae
  0.00	4	4	G	48610	                          Ophiocordyceps
  0.00	4	0	F	48615	                        Stachybotryaceae
  0.00	3	3	G	48619	                          Stachybotrys
  0.00	1	1	G	48617	                          Myrothecium
  0.00	3	0	F	48591	                        Hypocreaceae
  0.00	3	3	G	48592	                          Trichoderma
  0.00	2	0	F	48593	                        Incertae Sedis
  0.00	2	2	G	48594	                          Acremonium
  0.00	1	1	G	48590	                        Drechmeria
  0.00	1	1	G	48614	                        Septofusidium
  0.09	228	0	O	48548	                      Glomerellales
  0.09	209	0	F	48549	                        Australiascaceae
  0.09	209	209	G	48551	                          Monilochaetes
  0.01	13	0	F	48554	                        Plectosphaerellaceae
  0.00	12	12	G	48558	                          Verticillium
  0.00	1	1	G	48557	                          Plectosphaerella
  0.00	6	0	F	48552	                        Glomerellaceae
  0.00	6	6	G	48553	                          Colletotrichum
  0.09	210	0	O	48689	                      Ophiostomatales
  0.09	210	9	F	48690	                        Ophiostomataceae
  0.08	198	198	G	48692	                          Fragosphaeria
  0.00	1	1	G	48693	                          Graphilbum
  0.00	1	1	G	48695	                          Leptographium
  0.00	1	1	G	48698	                          Raffaelea
  0.00	10	0	O	48737	                      Xylariales
  0.00	9	9	G	48752	                        Diatrypasimilis
  0.00	1	0	F	48761	                        Xylariaceae
  0.00	1	1	G	48767	                          Hypoxylon
  0.00	7	0	O	48529	                      Conioscyphales
  0.00	7	0	F	48530	                        Conioscyphaceae
  0.00	7	7	G	48531	                          Conioscypha
  0.00	4	4	O	48773	                      uncultured
  0.00	4	1	O	48711	                      Sordariales
  0.00	3	0	F	48716	                        Chaetomiaceae
  0.00	3	3	G	48717	                          Chaetomium
  0.00	3	0	O	48624	                      Incertae Sedis
  0.00	2	0	F	48625	                        Incertae Sedis
  0.00	2	2	G	48628	                          Ceratostomella
  0.00	1	0	F	48631	                        Papulosaceae
  0.00	1	1	G	48632	                          Papulosa
  0.00	1	0	O	48652	                      Microascales
  0.00	1	1	F	48661	                        Halosphaeriaceae
  0.00	1	0	O	48633	                      Lulworthiales
  0.00	1	0	F	48634	                        Lulworthiaceae
  0.00	1	1	G	48639	                          Lulworthia
  0.00	1	0	O	48532	                      Diaporthales
  0.00	1	0	F	48546	                        Valsaceae
  0.00	1	1	G	48547	                          Phruensis
  0.13	321	16	C	47685	                    Dothideomycetes
  0.08	184	10	O	47800	                      Pleosporales
  0.06	149	149	G	47891	                        Teichospora
  0.00	4	0	F	47876	                        Pleosporaceae
  0.00	2	2	G	47877	                          Alternaria
  0.00	1	1	G	47879	                          Curvularia
  0.00	1	1	G	47884	                          Setosphaeria
  0.00	4	0	F	47823	                        Didymellaceae
  0.00	3	3	G	47825	                          Boeremia
  0.00	1	1	G	47828	                          Phoma
  0.00	3	3	G	47814	                        Corynespora
  0.00	2	2	F	47901	                        uncultured
  0.00	2	2	G	47896	                        Torula
  0.00	2	0	F	47851	                        Leptosphaeriaceae
  0.00	2	2	G	47852	                          Leptosphaeria
  0.00	1	1	G	47842	                        Hypoderma
  0.00	1	0	F	47867	                        Phaeosphaeriaceae
  0.00	1	1	G	47870	                          Phaeodothis
  0.00	1	0	F	47843	                        Incertae Sedis
  0.00	1	1	G	47848	                          Shiraia
  0.00	1	0	F	47831	                        Didymosphaeriaceae
  0.00	1	1	G	47832	                          Bimuria
  0.00	1	1	G	47822	                        Delitschia
  0.00	1	0	F	47802	                        Aigialaceae
  0.00	1	1	G	47803	                          Aigialus
  0.00	1	0	F	47815	                        Cucurbitariaceae
  0.00	1	1	G	47817	                          Pyrenochaeta
  0.00	1	1	G	47807	                        Anguillospora
  0.04	90	8	O	47697	                      Capnodiales
  0.02	45	0	F	47703	                        Cladosporiaceae
  0.02	45	45	G	47704	                          Cladosporium
  0.01	13	0	F	47743	                        Teratosphaeriaceae
  0.00	9	9	G	47754	                          Neocatenulostroma
  0.00	3	3	G	47747	                          Capnobotryella
  0.00	1	1	G	47751	                          Friedmanniomyces
  0.00	9	7	F	47711	                        Extremaceae
  0.00	2	2	G	47712	                          Vermiconia
  0.00	9	1	F	47717	                        Mycosphaerellaceae
  0.00	4	4	G	47737	                          Zymoseptoria
  0.00	4	4	G	47733	                          Ramularia
  0.00	2	2	G	47742	                        Teratoramularia
  0.00	1	0	F	47699	                        Capnodiaceae
  0.00	1	1	G	47700	                          Conidiocarpus
  0.00	1	0	F	47713	                        Incertae Sedis
  0.00	1	1	G	47714	                          Peltaster
  0.00	1	1	G	47715	                        Microcyclospora
  0.00	1	0	F	47740	                        Schizothyriaceae
  0.00	1	1	G	47741	                          Schizothyrium
  0.01	13	0	O	47761	                      Dothideales
  0.01	13	0	F	47762	                        Aureobasidiaceae
  0.01	13	13	G	47763	                          Aureobasidium
  0.00	8	1	O	47778	                      Incertae Sedis
  0.00	5	1	F	47779	                        Incertae Sedis
  0.00	4	4	G	47780	                          Cryomyces
  0.00	2	0	F	47783	                        Kirschsteiniotheliaceae
  0.00	2	2	G	47784	                          Kirschsteiniothelia
  0.00	3	3	O	47785	                      Jahnulales
  0.00	2	0	O	47920	                      Venturiales
  0.00	2	0	F	47921	                        Sympoventuriaceae
  0.00	2	2	G	47924	                          Ochroconis
  0.00	1	1	O	47790	                      Myriangiales
  0.00	1	0	O	47902	                      Stigmatodiscales
  0.00	1	0	F	47903	                        Stigmatodiscaceae
  0.00	1	1	G	47905	                          Stigmatodiscus
  0.00	1	0	O	47907	                      Tubeufiales
  0.00	1	0	F	47908	                        Tubeufiaceae
  0.00	1	1	G	47911	                          Helicoma
  0.00	1	0	O	47916	                      Valsariales
  0.00	1	0	F	47917	                        Valsariaceae
  0.00	1	1	G	47919	                          Valsaria
  0.00	1	1	O	47930	                      uncultured
  0.03	79	22	C	48090	                    Lecanoromycetes
  0.01	21	0	O	48116	                      Lecanorales
  0.00	9	2	F	48140	                        Parmeliaceae
  0.00	3	3	G	48148	                          Pannoparmelia
  0.00	2	2	G	48141	                          Anzia
  0.00	2	2	G	48156	                          Xanthoparmelia
  0.00	6	0	F	48180	                        Stereocaulaceae
  0.00	6	6	G	48182	                          Stereocaulon
  0.00	3	0	F	48164	                        Ramalinaceae
  0.00	2	2	G	48166	                          Bacidina
  0.00	1	1	G	48174	                          [Epicladonia]
  0.00	2	0	F	48137	                        Micareaceae
  0.00	2	2	G	48138	                          Micarea
  0.00	1	0	F	48123	                        Cladoniaceae
  0.00	1	1	G	48126	                          Gymnoderma
  0.01	14	0	O	48263	                      Umbilicariales
  0.01	14	0	F	48264	                        Umbilicariaceae
  0.01	14	14	G	48265	                          Umbilicaria
  0.00	6	0	O	48218	                      Pertusariales
  0.00	5	0	F	48225	                        Ochrolechiaceae
  0.00	5	5	G	48226	                          Ochrolechia
  0.00	1	0	F	48220	                        Icmadophilaceae
  0.00	1	1	G	48223	                          Siphula
  0.00	4	0	O	48233	                      Teloschistales
  0.00	4	2	F	48241	                        Teloschistaceae
  0.00	1	1	G	48250	                          Polycauliona
  0.00	1	1	G	48253	                          Teloschistes
  0.00	3	0	O	48096	                      Baeomycetales
  0.00	3	3	G	48098	                        Baeomyces
  0.00	3	0	O	48099	                      Caliciales
  0.00	2	0	F	48108	                        Physciaceae
  0.00	1	1	G	48112	                          Physcia
  0.00	1	1	G	48113	                          Physconia
  0.00	1	0	F	48100	                        Caliciaceae
  0.00	1	1	G	48101	                          Buellia
  0.00	3	0	O	48199	                      Peltigerales
  0.00	2	2	G	48206	                        Leciophysma
  0.00	1	1	G	48208	                        Lobaria
  0.00	1	0	O	48184	                      Lecideales
  0.00	1	0	F	48185	                        Lecideaceae
  0.00	1	1	G	48186	                          Lecidea
  0.00	1	0	O	48187	                      Ostropales
  0.00	1	0	F	48188	                        Graphidaceae
  0.00	1	1	G	48191	                          Graphis
  0.00	1	0	O	48258	                      Trapeliales
  0.00	1	0	F	48259	                        Trapeliaceae
  0.00	1	1	G	48262	                          Trapeliopsis
  0.01	32	0	C	48419	                    Pezizomycetes
  0.01	32	8	O	48420	                      Pezizales
  0.00	12	0	F	48450	                        Pezizaceae
  0.00	12	12	G	48456	                          Peziza
  0.00	8	0	F	48460	                        Pyronemataceae
  0.00	3	3	G	48465	                          Diehliomyces
  0.00	2	2	G	48493	                          uncultured
  0.00	1	1	G	48477	                          Octosporella
  0.00	1	1	G	48470	                          Lamprospora
  0.00	1	1	G	48466	                          Geopora
  0.00	2	0	F	48495	                        Rhizinaceae
  0.00	2	2	G	48496	                          Phymatotrichopsis
  0.00	1	1	G	48429	                        Chalazion
  0.00	1	0	F	48499	                        Sarcoscyphaceae
  0.00	1	1	G	48500	                          Cookeina
  0.01	24	2	C	48270	                    Leotiomycetes
  0.01	18	2	O	48287	                      Helotiales
  0.00	5	0	F	48332	                        Incertae Sedis
  0.00	4	4	G	48339	                          Tetracladium
  0.00	1	1	G	48337	                          Phialocephala
  0.00	5	0	F	48355	                        Sclerotiniaceae
  0.00	3	3	G	48359	                          Sclerotinia
  0.00	2	2	G	48357	                          Morus
  0.00	3	0	F	48344	                        Leotiaceae
  0.00	3	3	G	48345	                          Alatospora
  0.00	1	1	F	48317	                        Helotiaceae
  0.00	1	0	F	48303	                        Chlorociboriaceae
  0.00	1	1	G	48304	                          Chlorociboria
  0.00	1	1	G	48305	                        Chlorovibrissea
  0.00	2	0	O	48271	                      Cyttariales
  0.00	2	0	F	48272	                        Cyttariaceae
  0.00	2	2	G	48273	                          Cyttaria
  0.00	1	0	O	48274	                      Erysiphales
  0.00	1	0	F	48275	                        Erysiphaceae
  0.00	1	1	G	48285	                          Pleochaeta
  0.00	1	1	G	48371	                      Pseudogymnoascus
  0.00	4	0	C	48386	                    Lichinomycetes
  0.00	4	0	O	48387	                      Lichinales
  0.00	2	0	F	48390	                        Lichinaceae
  0.00	1	1	G	48395	                          Harpidium
  0.00	1	1	G	48404	                          Pterygiopsis
  0.00	2	0	F	48407	                        Peltulaceae
  0.00	2	2	G	48408	                          Peltula
  0.00	3	0	C	48077	                    Incertae Sedis
  0.00	3	0	O	48078	                      Incertae Sedis
  0.00	3	0	F	48079	                        Incertae Sedis
  0.00	3	3	G	48080	                          Dictyocatenulata
  0.00	1	0	C	48082	                    Laboulbeniomycetes
  0.00	1	0	O	48083	                      Laboulbeniales
  0.00	1	0	F	48084	                        Laboulbeniaceae
  0.00	1	1	G	48086	                          Hesperomyces
  0.00	1	0	C	47674	                    Arthoniomycetes
  0.00	1	0	O	47675	                      Arthoniales
  0.00	1	1	F	47677	                        Roccellaceae
  0.00	1	0	C	48409	                    Orbiliomycetes
  0.00	1	0	O	48410	                      Orbiliales
  0.00	1	0	F	48411	                        Orbiliaceae
  0.00	1	1	G	48412	                          Arthrobotrys
  0.00	1	1	C	48782	                    uncultured
  0.01	31	0	P1	48783	                  Saccharomycotina
  0.01	31	0	C	48784	                    Saccharomycetes
  0.01	31	7	O	48785	                      Saccharomycetales
  0.00	6	0	F	48792	                        Debaryomycetaceae
  0.00	3	3	G	48797	                          Candida-Lodderomyces clade
  0.00	2	2	G	48799	                          Hypopichia-Candida clade
  0.00	1	1	G	48800	                          Kurtzmaniella-Candida clade
  0.00	6	0	F	48818	                        Incertae Sedis
  0.00	2	2	G	48820	                          Candida
  0.00	2	2	G	48821	                          Kuraishia
  0.00	1	1	G	48819	                          Ambrosiozyma
  0.00	1	1	G	48822	                          Middelhovenomyces
  0.00	4	0	F	48855	                        Saccharomycetaceae
  0.00	4	4	G	48875	                          Zygosaccharomyces
  0.00	3	0	F	48829	                        Metschnikowiaceae
  0.00	2	2	G	48835	                          Metschnikowia
  0.00	1	1	G	48833	                          Kodamaea
  0.00	2	1	F	48836	                        Phaffomycetaceae
  0.00	1	1	G	48844	                          Starmera-Candida clade
  0.00	1	1	F	48883	                        Trichomonascaceae
  0.00	1	0	F	48825	                        Lipomycetaceae
  0.00	1	1	G	48827	                          Lipomyces
  0.00	1	0	F	48847	                        Pichiaceae
  0.00	1	1	G	48853	                          Pichia
  0.00	1	0	P1	48897	                  Taphrinomycotina
  0.00	1	0	C	48914	                    Taphrinomycetes
  0.00	1	0	O	48915	                      Taphrinales
  0.00	1	0	F	48918	                        Taphrinaceae
  0.00	1	1	G	48919	                          Taphrina
  1.25	3016	25	P	48920	                Basidiomycota
  0.73	1763	1	P1	49599	                  Ustilaginomycotina
  0.73	1759	0	C	49637	                    Malasseziomycetes
  0.73	1759	0	O	49638	                      Malasseziales
  0.73	1759	0	F	49639	                        Malasseziaceae
  0.73	1759	1759	G	49640	                          Malassezia
  0.00	3	0	C	49600	                    Exobasidiomycetes
  0.00	1	1	O	49607	                      Exobasidiales
  0.00	1	0	O	49615	                      Georgefischeriales
  0.00	1	0	F	49620	                        Tilletiariaceae
  0.00	1	1	G	49621	                          Phragmotaenium
  0.00	1	1	O	49623	                      Microstromatales
  0.40	969	5	P1	48921	                  Agaricomycotina
  0.40	954	82	C	48922	                    Agaricomycetes
  0.19	464	46	O	49273	                      Russulales
  0.17	416	0	F	49289	                        Lachnocladiaceae
  0.17	416	416	G	49291	                          Baltazaria
  0.00	2	0	F	49301	                        Russulaceae
  0.00	1	1	G	49302	                          Lactarius
  0.00	1	1	G	49303	                          Russula
  0.12	280	272	O	48923	                      Agaricales
  0.00	3	0	F	48973	                        Hygrophoraceae
  0.00	3	3	G	48978	                          Hygrocybe
  0.00	1	0	F	49020	                        Pluteaceae
  0.00	1	1	G	49021	                          Pluteus
  0.00	1	1	G	48953	                        Cyathus
  0.00	1	0	F	48924	                        Agaricaceae
  0.00	1	1	G	48926	                          Leucoagaricus
  0.00	1	1	G	48988	                        Lyophyllum
  0.00	1	0	F	48929	                        Amanitaceae
  0.00	1	1	G	48930	                          Amanita
  0.05	121	0	O	49154	                      Corticiales
  0.05	121	1	F	49155	                        Corticiaceae
  0.05	120	120	G	49170	                          Sistotrema
  0.00	3	0	O	49209	                      Polyporales
  0.00	2	1	F	49230	                        Incertae Sedis
  0.00	1	1	G	49234	                          Trametes
  0.00	1	0	F	49266	                        Sparassidaceae
  0.00	1	1	G	49267	                          Sparassis
  0.00	1	1	O	49328	                      uncultured
  0.00	1	0	O	49096	                      Boletales
  0.00	1	0	F	49127	                        Serpulaceae
  0.00	1	1	G	49128	                          Serpula
  0.00	1	0	O	49137	                      Cantharellales
  0.00	1	0	F	49146	                        Clavulinaceae
  0.00	1	1	G	49149	                          Multiclavula
  0.00	1	0	O	49318	                      Thelephorales
  0.00	1	1	F	49324	                        uncultured
  0.00	9	0	C	49346	                    Tremellomycetes
  0.00	6	0	O	49371	                      Tremellales
  0.00	3	0	F	49384	                        Cryptococcaceae
  0.00	3	3	G	49385	                          Cryptococcus
  0.00	2	0	F	49405	                        Tremellaceae
  0.00	2	2	G	49406	                          Tremella
  0.00	1	1	F	49410	                        uncultured
  0.00	3	0	O	49411	                      Trichosporonales
  0.00	3	0	F	49413	                        Trichosporonaceae
  0.00	2	2	G	49414	                          Apiotrichum
  0.00	1	1	G	49415	                          Cutaneotrichosporon
  0.00	1	0	C	49329	                    Dacrymycetes
  0.00	1	0	O	49330	                      Dacrymycetales
  0.00	1	1	F	49333	                        Dacrymycetaceae
  0.11	259	0	P1	49423	                  Pucciniomycotina
  0.10	242	0	C	49480	                    Microbotryomycetes
  0.10	239	0	O	49508	                      Microbotryales
  0.10	239	0	F	49509	                        Microbotryaceae
  0.10	239	239	G	49510	                          Microbotryum
  0.00	3	0	O	49514	                      Sporidiobolales
  0.00	3	0	F	49515	                        Sporidiobolaceae
  0.00	3	3	G	49517	                          Rhodotorula
  0.01	17	0	C	49526	                    Pucciniomycetes
  0.01	17	0	O	49534	                      Pucciniales
  0.01	14	0	F	49568	                        Pucciniastraceae
  0.01	14	14	G	49573	                          Thekopsora
  0.00	2	0	F	49581	                        Uropyxidaceae
  0.00	2	2	G	49582	                          Dasyspora
  0.00	1	1	G	49560	                        Porotenus
  0.05	119	0	P	49681	              Mucoromycota
  0.05	116	0	P1	49730	                Mucoromycotina
  0.05	116	0	C	49731	                  Incertae Sedis
  0.05	115	6	O	49736	                    Mucorales
  0.04	106	61	F	49790	                      Rhizopodaceae
  0.02	45	45	G	49792	                        Rhizopus
  0.00	2	0	F	49796	                      Syncephalastraceae
  0.00	2	2	G	49797	                        Syncephalastrum
  0.00	1	0	F	49766	                      Mucoraceae
  0.00	1	1	G	49775	                        Mucor
  0.00	1	0	O	49732	                    Endogonales
  0.00	1	0	F	49733	                      Endogonaceae
  0.00	1	1	G	49735	                        uncultured
  0.00	3	0	P1	49682	                Glomeromycotina
  0.00	3	0	C	49683	                  Glomeromycetes
  0.00	2	0	O	49708	                    Glomerales
  0.00	1	0	F	49711	                      Glomeraceae
  0.00	1	1	G	49716	                        Septoglomus
  0.00	1	1	F	49718	                      uncultured
  0.00	1	1	O	49691	                    Diversisporales
  0.00	6	0	P	47588	              Chytridiomycota
  0.00	6	0	P1	47589	                Incertae Sedis
  0.00	6	0	C	47590	                  Chytridiomycetes
  0.00	2	0	O	47601	                    Cladochytriales
  0.00	1	0	F	47602	                      Cladochytriaceae
  0.00	1	1	G	47603	                        Cladochytrium
  0.00	1	0	F	47604	                      Nowakowskiellaceae
  0.00	1	1	G	47605	                        Nowakowskiella
  0.00	2	0	O	47615	                    Lobulomycetales
  0.00	2	0	F	47616	                      Lobulomycetaceae
  0.00	2	2	G	47619	                        uncultured
  0.00	2	2	O	47646	                    uncultured
  0.00	3	0	P	47656	              Cryptomycota
  0.00	2	2	P1	47665	                uncultured
  0.00	1	1	P1	47664	                LKM11
  0.00	3	3	P	49679	              LKM15
  0.00	1	0	P	47573	              Blastocladiomycota
  0.00	1	0	P1	47574	                Incertae Sedis
  0.00	1	0	C	47575	                  Blastocladiomycetes
  0.00	1	0	O	47576	                    Blastocladiales
  0.00	1	0	F	47577	                      Blastocladiaceae
  0.00	1	1	G	47578	                        Allomyces
  0.00	4	0	P	47568	            Aphelidea
  0.00	4	4	G	47571	              uncultured
  0.00	1	0	P	49883	            Nucleariidae and Fonticula group
  0.00	1	0	F	49884	              Nucleariidae
  0.00	1	1	G	49885	                Nuclearia
  1.57	3791	0	D	46959	          Holozoa
  1.57	3791	0	D1	46960	            Choanozoa
  1.57	3784	1	D2	47021	              Metazoa
  1.57	3782	0	K	47022	                Animalia
  1.57	3782	7	K1	47023	                  BCP clade
  1.56	3765	622	K2	47024	                    Bilateria
  1.14	2753	30	K3	47089	                      Protostomia
  1.12	2690	19	K4	47095	                        Ecdysozoa
  0.65	1560	19	P	47096	                          Arthropoda
  0.53	1282	1	P1	47097	                            Chelicerata
  0.53	1280	1	C	47098	                              Arachnida
  0.52	1264	1264	C1	47099	                                Acari
  0.00	12	12	O	47101	                                Araneae
  0.00	3	3	O	47102	                                Opiliones
  0.00	1	0	C	47111	                              Pycnogonida
  0.00	1	1	O	47112	                                Pantopoda
  0.10	245	3	P1	47159	                            Hexapoda
  0.10	234	0	C	47166	                              Insecta
  0.10	233	0	C1	47169	                                Pterygota
  0.10	232	14	C2	47170	                                  Neoptera
  0.07	159	1	C3	47176	                                    Dictyoptera
  0.07	158	158	O	47179	                                      Mantodea
  0.01	35	35	O	47188	                                    Neuroptera
  0.00	10	10	O	47174	                                    Coleoptera
  0.00	5	5	O	47180	                                    Diptera
  0.00	5	5	O	47184	                                    Hymenoptera
  0.00	1	1	O	47193	                                    Psocoptera
  0.00	1	1	O	47190	                                    Phasmatodea
  0.00	1	1	O	47197	                                    Thysanoptera
  0.00	1	1	O	47183	                                    Hemiptera
  0.00	1	0	C2	47199	                                  Palaeoptera
  0.00	1	1	O	47200	                                    Ephemeroptera
  0.00	1	0	C1	47167	                                Monocondylia
  0.00	1	1	O	47168	                                  Archaeognatha
  0.00	6	6	C	47160	                              Diplura
  0.00	2	0	C	47163	                              Ellipura
  0.00	2	2	O	47165	                                Protura
  0.01	13	3	P1	47113	                            Crustacea
  0.00	5	0	C	47128	                              Maxillopoda
  0.00	5	0	C1	47131	                                Copepoda
  0.00	4	4	O	47136	                                  Monstrilloida
  0.00	1	1	O	47132	                                  Calanoida
  0.00	2	0	C	47120	                              Malacostraca
  0.00	2	1	C1	47121	                                Eumalacostraca
  0.00	1	1	C2	47122	                                  Eucarida
  0.00	2	0	C	47153	                              Ostracoda
  0.00	2	0	C1	47157	                                Podocopa
  0.00	2	2	O	47158	                                  Podocopida
  0.00	1	0	C	47114	                              Branchiopoda
  0.00	1	0	C1	47115	                                Phyllopoda
  0.00	1	1	O	47116	                                  Diplostraca
  0.00	1	0	P1	47207	                            Myriapoda
  0.00	1	0	C	47208	                              Chilopoda
  0.00	1	1	C1	47209	                                Notostigmophora
  0.46	1109	0	P	47215	                          Nematozoa
  0.46	1109	2	P1	47216	                            Nematoda
  0.40	971	0	C	47230	                              Enoplea
  0.40	971	0	C1	47231	                                Dorylaimia
  0.40	965	965	C2	47235	                                  Mononchida
  0.00	3	3	C2	47233	                                  Dorylaimida
  0.00	3	3	C2	47236	                                  Trichocephalida
  0.06	136	2	C	47217	                              Chromadorea
  0.06	133	133	O	47226	                                Rhabditida
  0.00	1	1	O	47219	                                Ascaridida
  0.00	2	0	P	47248	                          Scalidophora
  0.00	1	0	P1	47249	                            Kinorhyncha
  0.00	1	1	O	47250	                              Cyclorhagida
  0.00	1	0	P1	47254	                            Priapulida
  0.00	1	1	F	47256	                              Tubiluchidae
  0.01	33	7	K4	47263	                        Lophotrochozoa
  0.00	10	0	P	47350	                          Mollusca
  0.00	6	0	C	47351	                            Bivalvia
  0.00	5	0	C1	47354	                              Heteroconchia
  0.00	5	5	O	47356	                                Veneroida
  0.00	1	0	C1	47359	                              Protobranchia
  0.00	1	1	O	47362	                                Solemyoida
  0.00	2	0	C	47375	                            Gastropoda
  0.00	1	1	O	47378	                              Heterobranchia
  0.00	1	1	O	47380	                              Vetigastropoda
  0.00	2	0	C	47381	                            Polyplacophora
  0.00	2	2	O	47382	                              Neoloricata
  0.00	7	2	P	47273	                          Annelida
  0.00	5	2	C	47288	                            Polychaeta
  0.00	2	0	C1	47292	                              Palpata
  0.00	1	1	O	47296	                                Phyllodocida
  0.00	1	1	O	47297	                                Sabellida
  0.00	1	0	C1	47300	                              Scolecida
  0.00	1	1	O	47310	                                Terebellida
  0.00	6	1	P	47395	                          Platyhelminthes
  0.00	2	2	C	47399	                            Cestoda
  0.00	1	0	C	47396	                            Catenulida
  0.00	1	1	F	47398	                              Stenostomidae
  0.00	1	0	C	47441	                            Rhabditophora
  0.00	1	1	O	47444	                              Macrostomida
  0.00	1	0	C	47459	                            Trematoda
  0.00	1	0	C1	47462	                              Digenea
  0.00	1	1	O	47466	                                Echinostomida
  0.00	3	0	P	47337	                          Lophophorata
  0.00	3	0	P1	47338	                            Brachiopoda
  0.00	2	0	C	47343	                              Rhynchonelliformea
  0.00	2	0	C1	47344	                                Rhynchonellata
  0.00	2	2	O	47347	                                  Thecideida
  0.00	1	0	C	47339	                              Linguliformea
  0.00	1	0	C1	47340	                                Lingulata
  0.00	1	1	O	47341	                                  Lingulida
  0.16	390	1	K3	47025	                      Deuterostomia
  0.16	385	3	K4	47041	                        Chordata
  0.16	378	1	P	47057	                          Vertebrata
  0.16	377	1	P1	47063	                            Gnathostomata
  0.15	369	6	P2	47071	                              Euteleostomi
  0.13	323	30	P3	47082	                                Tetrapoda
  0.12	280	280	C	47087	                                  Mammalia
  0.00	5	5	C	47085	                                  Crocodylia
  0.00	3	3	C	47083	                                  Amphibia
  0.00	2	2	C	47086	                                  Lepidosauria
  0.00	2	2	C	47088	                                  Testudines
  0.00	1	1	C	47084	                                  Aves
  0.02	38	0	C	47072	                                Actinopterygii
  0.02	38	2	C1	47075	                                  Neopterygii
  0.01	36	36	C2	47078	                                    Teleostei
  0.00	2	0	C	47079	                                Sarcopterygii
  0.00	2	2	O	47080	                                  Coelacanthiformes
  0.00	7	0	C	47066	                              Chondrichthyes
  0.00	7	0	C1	47067	                                Elasmobranchii
  0.00	6	6	C2	47069	                                  Galeomorphii
  0.00	1	1	C2	47070	                                  Squalimorphii
  0.00	2	0	P	47042	                          Cephalochordata
  0.00	2	0	C	47043	                            Leptocardii
  0.00	2	0	O	47044	                              Amphioxiformes
  0.00	2	2	F	47045	                                Branchiostomidae
  0.00	2	0	P	47046	                          Tunicata
  0.00	1	0	C	47050	                            Ascidiacea
  0.00	1	1	O	47051	                              Enterogona
  0.00	1	0	C	47053	                            Thaliacea
  0.00	1	1	O	47056	                              Salpida
  0.00	4	0	K4	47026	                        Ambulacraria
  0.00	3	0	P	47027	                          Echinodermata
  0.00	3	3	C	47028	                            Asteroidea
  0.00	1	0	P	47033	                          Hemichordata
  0.00	1	0	C	47034	                            Enteropneusta
  0.00	1	1	F	47035	                              Harrimaniidae
  0.00	10	0	P	47484	                    Cnidaria
  0.00	7	0	C	47485	                      Anthozoa
  0.00	6	1	C1	47486	                        Hexacorallia
  0.00	5	5	O	47487	                          Actiniaria
  0.00	1	0	C1	47492	                        Octocorallia
  0.00	1	1	O	47493	                          Alcyonacea
  0.00	2	0	C	47507	                      Myxozoa
  0.00	2	2	C1	47510	                        Myxosporea
  0.00	1	0	C	47498	                      Hydrozoa
  0.00	1	0	C1	47499	                        Hydroidolina
  0.00	1	1	O	47501	                          Leptothecata
  0.00	1	0	P	47534	                Porifera
  0.00	1	0	C	47548	                  Demospongiae
  0.00	1	1	O	47559	                    Poecilosclerida
  0.00	7	0	D2	46961	              Choanoflagellata
  0.00	5	0	C	46962	                Choanoflagellida
  0.00	5	0	C1	46975	                  Craspedida
  0.00	4	0	F	46983	                    Salpingoecidae
  0.00	4	4	G	46986	                      Salpingoeca
  0.00	1	0	O	46980	                    Codosigidae
  0.00	1	1	G	46982	                      Lagenoeca
  0.00	1	0	O	46988	                Eccrinales
  0.00	1	1	G	46996	                  Leidyomyces
  0.00	1	0	C	47000	                Filasterea
  0.00	1	1	O	47001	                  Ministeriida
  0.00	10	1	K	46849	      Amoebozoa
  0.00	5	0	C	46936	        Tubulinea
  0.00	5	1	C1	46945	          Euamoebida
  0.00	3	3	G	46949	            Ptolemeba
  0.00	1	1	G	46948	            Hartmannella
  0.00	1	0	P	46850	        Archamoebae
  0.00	1	0	C	46853	          Incertae Sedis
  0.00	1	1	G	46854	            Rhizomastix
  0.00	1	0	P	46858	        Centrohelida
  0.00	1	0	F	46859	          Acanthocystidae
  0.00	1	1	G	46860	            Choanocystis
  0.00	1	0	K1	46899	        Incertae Sedis
  0.00	1	0	P	46900	          Apusomonadidae
  0.00	1	1	G	46901	            Amastigomonas
  0.00	1	0	P	46930	        SAR
  0.00	1	0	P1	46931	          Stramenopiles
  0.00	1	0	C	46932	            Labyrinthulomycetes
  0.00	1	1	G	46933	              Sorodiplophrys
  0.02	51	5	D1	8770	    SAR
  0.01	31	5	K	8771	      Alveolata
  0.00	10	0	P	8848	        Ciliophora
  0.00	9	0	C	8849	          Intramacronucleata
  0.00	5	0	O	8863	            Conthreep
  0.00	3	0	F	8864	              Colpodea
  0.00	3	0	F1	8881	                Cyrtolophosidida
  0.00	3	3	G	8882	                  Aristerostoma
  0.00	2	0	F	8899	              Oligohymenophorea
  0.00	2	0	F1	8924	                Peniculia
  0.00	1	1	G	8925	                  Frontonia
  0.00	1	1	G	8927	                  Paramecium
  0.00	4	0	O	9096	            Spirotrichea
  0.00	2	0	F	9183	              Licnophoria
  0.00	2	2	G	9184	                Licnophora
  0.00	1	0	F	9129	              Hypotrichia
  0.00	1	1	G	9142	                Holosticha
  0.00	1	1	F	9192	              Oxytrichidae
  0.00	1	0	C	9198	          Postciliodesmatophora
  0.00	1	0	O	9199	            Heterotrichea
  0.00	1	1	G	13759	              Anigsteinia
  0.00	6	0	P	9360	        Protalveolata
  0.00	6	0	C	9376	          Syndiniales
  0.00	2	2	F	9379	            Syndiniales Group I
  0.00	2	2	F	9380	            Syndiniales Group II
  0.00	1	1	G	9377	            Amoebophrya
  0.00	1	1	G	9378	            Duboscquella
  0.00	5	0	P	8772	        Apicomplexa
  0.00	4	0	C	8783	          Conoidasida
  0.00	3	0	O	8784	            Coccidia
  0.00	3	0	F	8790	              Eimeriorina
  0.00	2	2	G	28726	                Acroeimeria
  0.00	1	1	G	8796	                Eimeria
  0.00	1	0	O	8809	            Gregarinasina
  0.00	1	0	F	8816	              Eugregarinorida
  0.00	1	1	G	8822	                D4P07G01
  0.00	1	1	C	8846	          Novel Apicomplexa Class 2
  0.00	4	0	P	9217	        Dinoflagellata
  0.00	3	2	C	9219	          Dinophyceae
  0.00	1	0	C1	9275	            Peridiniphycidae
  0.00	1	0	O	9276	              Gonyaulacales
  0.00	1	1	G	28768	                Azadinium
  0.00	1	0	C	9341	          Incertae Sedis
  0.00	1	1	G	9343	            Blastodinium
  0.00	1	1	P	9386	        uncultured
  0.00	8	1	K	9629	      Stramenopiles
  0.00	4	0	P	10083	        Peronosporomycetes
  0.00	4	4	G	10091	          Halophytophthora
  0.00	1	0	P	9649	        Incertae Sedis
  0.00	1	1	G	13813	          Blastocystis
  0.00	1	0	P	9677	        MAST-1
  0.00	1	1	C	9687	          MAST-1B
  0.00	1	0	K1	9727	        Ochrophyta
  0.00	1	0	P	9782	          Diatomea
  0.00	1	0	P1	9784	            Bacillariophytina
  0.00	1	1	C	9785	              Bacillariophyceae
  0.00	7	0	K	9387	      Rhizaria
  0.00	5	0	P	9388	        Cercozoa
  0.00	2	2	C	9539	          uncultured
  0.00	2	2	C	9481	          Novel Clade 10
  0.00	1	0	C	9428	          Imbricatea
  0.00	1	0	C1	9434	            Silicofilosea
  0.00	1	0	F	9456	              Thaumatomonadida
  0.00	1	0	F1	9462	                Thaumatomonadidae
  0.00	1	1	G	28782	                  uncultured
  0.00	2	0	P	9540	        Retaria
  0.00	2	0	C	9591	          Polycystinea
  0.00	2	0	O	9609	            Spumellaria
  0.00	2	2	G	9625	              uncultured
  0.02	49	1	D1	4152	    Archaeplastida
  0.02	47	0	K	4153	      Chloroplastida
  0.02	44	0	K1	4154	        Charophyta
  0.02	44	1	P	4161	          Phragmoplastophyta
  0.02	43	0	P1	4165	            Streptophyta
  0.02	43	0	C	4172	              Embryophyta
  0.02	43	0	C1	4307	                Tracheophyta
  0.02	43	8	C2	4372	                  Spermatophyta
  0.01	26	26	C3	4432	                    Magnoliophyta
  0.00	9	9	C3	12385	                    Pinophyta
  0.00	3	0	K1	5606	        Chlorophyta
  0.00	1	1	C	5610	          Chlorophyceae
  0.00	1	1	C	5747	          Trebouxiophyceae
  0.00	1	1	C	5817	          Ulvophyceae
  0.00	1	0	K	5887	      Rhodophyceae
  0.00	1	1	P	5903	        Cyanidiales
  0.00	3	0	K	6201	    Cryptophyceae
  0.00	2	2	G	6217	      Goniomonas
  0.00	1	0	O	6202	      Cryptomonadales
  0.00	1	1	G	6214	        Rhodomonas
  0.00	2	0	D1	6228	    Excavata
  0.00	2	0	D2	6302	      Metamonada
  0.00	2	0	P	6303	        Fornicata
  0.00	2	2	C	6304	          Carpediomonas-like organisms
  0.00	2	0	K	49904	    Discoba
  0.00	1	0	K1	49905	      Discicristata
  0.00	1	0	P	49906	        Euglenozoa
  0.00	1	0	C	49929	          Kinetoplastea
  0.00	1	0	C1	49932	            Metakinetoplastina
  0.00	1	0	O	49944	              Trypanosomatida
  0.00	1	1	G	49957	                Trypanosoma
  0.00	1	0	O	49969	      Jakobida
  0.00	1	1	G	49970	        Andalucia
  0.00	1	1	P	6427	    NAMAKO-1
