 58.79	28744	28744	U	0	unclassified
 41.21	20152	27	R	1	root
 32.32	15803	1749	D	3	  Bacteria
 15.22	7440	79	P	1672	    Firmicutes
 14.55	7114	367	C	1673	      Bacilli
 10.30	5037	731	O	1674	        Bacillales
  7.22	3530	803	F	1680	          Bacillaceae
  3.57	1744	1744	G	1688	            Bacillus
  1.22	596	596	G	1707	            Oceanobacillus
  0.29	140	140	G	1686	            Anoxybacillus
  0.25	124	124	G	1692	            Cerasibacillus
  0.06	28	28	G	1696	            Geobacillus
  0.05	25	25	G	1708	            Ornithinibacillus
  0.05	23	23	G	1727	            Virgibacillus
  0.01	7	7	G	1685	            Anaerobacillus
  0.01	6	6	G	1681	            Aeribacillus
  0.01	6	6	G	1698	            Gracilibacillus
  0.01	5	5	G	1694	            Fictibacillus
  0.01	5	5	G	1700	            Halobacillus
  0.01	4	4	G	1712	            Pontibacillus
  0.01	3	3	G	14352	            Pseudogracilibacillus
  0.01	3	3	G	1729	            uncultured
  0.00	2	2	G	1702	            Lentibacillus
  0.00	1	1	G	1728	            Vulcanibacillus
  0.00	1	1	G	11264	            Allobacillus
  0.00	1	1	G	1723	            Terribacillus
  0.00	1	1	G	1718	            Saliterribacillus
  0.00	1	1	G	1726	            Ureibacillus
  0.00	1	1	G	1709	            Paraliobacillus
  1.55	759	497	F	1753	          Planococcaceae
  0.26	129	129	G	1762	            Lysinibacillus
  0.11	55	55	G	1767	            Solibacillus
  0.05	23	23	G	1770	            uncultured
  0.02	9	9	G	1764	            Planococcus
  0.02	8	8	G	1768	            Sporosarcina
  0.01	7	7	G	11272	            Domibacillus
  0.01	7	7	G	1761	            Kurthia
  0.01	6	6	G	11273	            Psychrobacillus
  0.01	4	4	G	1756	            Chryseomicrobium
  0.01	4	4	G	1763	            Paenisporosarcina
  0.01	3	3	G	1754	            Bhargavaea
  0.01	3	3	G	1757	            Chungangia
  0.01	3	3	G	1765	            Planomicrobium
  0.00	1	1	G	1755	            Caryophanon
  0.03	16	0	F	45175	          Salisediminibacteriaceae
  0.03	16	16	G	45177	            Salipaludibacillus
  0.00	1	0	F	45167	          Marinococcaceae
  0.00	1	1	G	45168	            Alteribacillus
  2.48	1214	0	O	45183	        Caldalkalibacillales
  2.48	1214	0	F	45184	          Caldalkalibacillaceae
  2.48	1214	1214	G	45185	            Caldalkalibacillus
  0.36	177	37	O	1800	        Lactobacillales
  0.17	82	0	F	1828	          Enterococcaceae
  0.17	82	82	G	1831	            Enterococcus
  0.06	31	0	F	1836	          Lactobacillaceae
  0.06	30	30	G	1837	            Lactobacillus
  0.00	1	1	G	1838	            Pediococcus
  0.03	13	0	F	1811	          Carnobacteriaceae
  0.02	9	9	G	1821	            Granulicatella
  0.00	1	1	G	1812	            Alkalibacterium
  0.00	1	1	G	1819	            Desemzia
  0.00	1	1	G	1820	            Dolosigranulum
  0.00	1	1	G	1826	            Trichococcus
  0.02	8	0	F	1850	          Streptococcaceae
  0.01	7	7	G	1853	            Streptococcus
  0.00	1	1	G	1851	            Lactococcus
  0.01	4	0	F	1839	          Leuconostocaceae
  0.00	2	2	G	1841	            Leuconostoc
  0.00	2	2	G	1843	            Weissella
  0.00	1	1	F	1847	          P5D1-392
  0.00	1	0	F	45256	          Listeriaceae
  0.00	1	1	G	45258	            Listeria
  0.27	134	0	O	45270	        Paenibacillales
  0.27	134	50	F	45271	          Paenibacillaceae
  0.17	82	82	G	45277	            Paenibacillus
  0.00	2	2	G	45273	            Ammoniphilus
  0.13	65	1	O	45200	        Erysipelotrichales
  0.12	57	0	F	45214	          Erysipelotrichaceae
  0.12	57	57	G	45229	            Holdemanella
  0.01	7	0	F	45201	          Erysipelatoclostridiaceae
  0.01	3	3	G	45212	            UCG-004
  0.00	1	1	G	45202	            Asteroleplasma
  0.00	1	1	G	45203	            Candidatus Stoquefichus
  0.00	1	1	G	45207	            Erysipelatoclostridium
  0.00	1	1	G	45208	            Erysipelotrichaceae UCG-002
  0.11	56	1	O	45284	        Staphylococcales
  0.10	51	0	F	45287	          Staphylococcaceae
  0.10	50	50	G	45295	            Staphylococcus
  0.00	1	1	G	45291	            Jeotgalicoccus
  0.01	4	0	F	45285	          Gemellaceae
  0.01	4	4	G	45286	            Gemella
  0.08	38	0	O	45158	        Alicyclobacillales
  0.08	38	0	F	45159	          Alicyclobacillaceae
  0.07	34	34	G	45163	            Tumebacillus
  0.01	4	4	G	45162	            Effusibacillus
  0.02	10	0	O	45180	        Brevibacillales
  0.02	10	0	F	45181	          Brevibacillaceae
  0.02	10	10	G	45182	            Brevibacillus
  0.02	8	0	O	45240	        Exiguobacterales
  0.02	8	0	F	45241	          Exiguobacteraceae
  0.02	8	8	G	45242	            Exiguobacterium
  0.00	2	0	O	45263	        Mycoplasmatales
  0.00	2	0	F	45264	          Mycoplasmataceae
  0.00	2	2	G	45267	            Mycoplasma
  0.00	2	0	O	45300	        Thermoactinomycetales
  0.00	2	1	F	45301	          Thermoactinomycetaceae
  0.00	1	1	G	45317	            Seinonella
  0.00	1	0	O	45189	        Entomoplasmatales
  0.00	1	0	F	45197	          Spiroplasmataceae
  0.00	1	1	G	45198	            Spiroplasma
  0.00	1	0	O	45164	        Aneurinibacillales
  0.00	1	0	F	45165	          Aneurinibacillaceae
  0.00	1	1	G	45166	            Aneurinibacillus
  0.00	1	0	O	45246	        Izemoplasmatales
  0.00	1	0	F	45247	          Izemoplasmataceae
  0.00	1	1	G	45248	            Izimaplasma
  0.00	1	1	O	45282	        RF39
  0.44	215	50	C	1859	      Clostridia
  0.19	92	3	O	45570	        Peptostreptococcales-Tissierellales
  0.09	46	9	F	45618	          Peptostreptococcaceae
  0.03	17	17	G	45631	            Romboutsia
  0.01	6	6	G	45626	            Paraclostridium
  0.01	4	4	G	45637	            uncultured
  0.01	4	4	G	45625	            Paeniclostridium
  0.01	3	3	G	45634	            Terrisporobacter
  0.00	2	2	G	45624	            Intestinibacter
  0.00	1	1	G	45628	            Peptoclostridium
  0.06	30	0	F	45579	          Anaerovoracaceae
  0.03	13	13	G	45584	            Mogibacterium
  0.01	5	5	G	45581	            Anaerovorax
  0.01	5	5	G	45582	            Family XIII AD3011 group
  0.01	4	4	G	45587	            [Eubacterium] nodatum group
  0.00	2	2	G	45589	            uncultured
  0.00	1	1	G	45585	            S5-A14a
  0.02	8	0	F	45604	          Fusibacteraceae
  0.02	8	8	G	45605	            Fusibacter
  0.00	2	2	G	45611	          JTB215
  0.00	2	2	G	45608	          Gottschalkia
  0.00	1	1	G	45617	          Peptoniphilus
  0.12	60	5	O	45405	        Lachnospirales
  0.11	55	20	F	45409	          Lachnospiraceae
  0.03	17	17	G	45453	            Lachnospiraceae NK3A20 group
  0.01	3	3	G	45492	            [Eubacterium] oxidoreducens group
  0.00	2	2	G	45502	            uncultured
  0.00	2	2	G	45476	            Roseburia
  0.00	2	2	G	45498	            [Ruminococcus] torques group
  0.00	1	1	G	45495	            [Eubacterium] xylanophilum group
  0.00	1	1	G	45496	            [Ruminococcus] gauvreauii group
  0.00	1	1	G	45416	            Agathobacter
  0.00	1	1	G	45491	            [Eubacterium] hallii group
  0.00	1	1	G	45421	            Anaerostipes
  0.00	1	1	G	45422	            Blautia
  0.00	1	1	G	45462	            Lachnospiraceae UCG-008
  0.00	1	1	G	45446	            Lachnoclostridium
  0.00	1	1	G	45430	            Dorea
  0.01	7	0	O	1863	        Clostridiales
  0.01	6	0	F	25630	          Clostridiaceae
  0.01	5	5	G	45342	            Clostridium sensu stricto 1
  0.00	1	1	G	45359	            Clostridium sensu stricto 8
  0.00	1	0	F	45368	          Oxobacteraceae
  0.00	1	1	G	45369	            Oxobacter
  0.01	5	0	O	45508	        Oscillospirales
  0.00	2	1	F	45536	          Ruminococcaceae
  0.00	1	1	G	45553	            Subdoligranulum
  0.00	2	2	F	45558	          UCG-010
  0.00	1	0	F	45520	          Oscillospiraceae
  0.00	1	1	G	45525	            Oscillibacter
  0.00	1	0	F	45385	        Gracilibacteraceae
  0.00	1	1	G	45387	          Lutispora
  0.02	9	0	C	45826	      Thermoanaerobacteria
  0.02	9	0	O	45831	        Thermoanaerobacterales
  0.02	9	0	F	45832	          Family III
  0.02	9	9	G	45833	            Thermoanaerobacterium
  0.02	8	0	C	2164	      Negativicutes
  0.02	8	0	O	45752	        Veillonellales-Selenomonadales
  0.01	5	1	F	45753	          Selenomonadaceae
  0.01	3	3	G	45762	            Selenomonas
  0.00	1	1	G	45758	            Pectinatus
  0.00	2	0	F	45780	          Veillonellaceae
  0.00	1	1	G	45785	            Negativicoccus
  0.00	1	1	G	45787	            uncultured
  0.00	1	0	F	45766	          Sporomusaceae
  0.00	1	1	G	45769	            Anaerosinus
  0.01	4	0	C	45711	      Dethiobacteria
  0.01	4	0	O	45712	        Dethiobacterales
  0.01	4	0	F	45713	          Dethiobacteraceae
  0.01	4	4	G	45715	            Dethiobacter
  0.01	4	0	C	45687	      Desulfotomaculia
  0.01	4	0	O	45699	        Desulfotomaculales
  0.01	3	3	G	45703	          Desulfofarcimen
  0.00	1	0	F	45701	          Desulfallas-Sporotomaculum
  0.00	1	1	G	45702	            BRH-c8a
  0.01	3	0	C	45822	      Thermincolia
  0.01	3	0	O	45823	        Carboxydocellales
  0.01	3	0	F	45824	          Carboxydocellaceae
  0.01	3	3	G	45825	            Carboxydocella
  0.00	1	0	C	45669	      Desulfitobacteriia
  0.00	1	0	O	45670	        Desulfitobacteriales
  0.00	1	1	G	45671	          Candidatus Dichloromethanomonas
  0.00	1	0	C	45717	      Incertae Sedis
  0.00	1	1	O	45718	        DTU014
  0.00	1	0	C	14398	      Limnochordia
  0.00	1	1	O	45725	        M55-D21
  0.00	1	0	C	45802	      Syntrophomonadia
  0.00	1	0	O	45803	        Syntrophomonadales
  0.00	1	0	F	45804	          Syntrophomonadaceae
  0.00	1	1	G	45806	            Syntrophomonas
  7.35	3596	14	P	43279	    Actinobacteriota
  7.32	3578	562	C	43309	      Actinobacteria
  4.38	2144	0	O	43677	        Pseudonocardiales
  4.38	2144	685	F	43678	          Pseudonocardiaceae
  2.18	1068	1068	G	43689	            Crossiella
  0.51	247	247	G	43700	            Saccharopolyspora
  0.27	131	131	G	43698	            Pseudonocardia
  0.01	3	3	G	43681	            Actinomycetospora
  0.01	3	3	G	43683	            Actinopolyspora
  0.00	2	2	G	43696	            Mzabimyces
  0.00	2	2	G	43707	            Yuhushiella
  0.00	2	2	G	43692	            Kibdelosporangium
  0.00	1	1	G	43682	            Actinophytocola
  0.51	247	2	O	43640	        Propionibacteriales
  0.47	229	11	F	43651	          Propionibacteriaceae
  0.33	163	163	G	43656	            Cutibacterium
  0.03	14	14	G	43660	            Jiangella
  0.03	13	13	G	43676	            uncultured
  0.03	13	13	G	43659	            Haloactinopolyspora
  0.02	8	8	G	43663	            Microlunatus
  0.01	3	3	G	43666	            Phytoactinopolyspora
  0.00	2	2	G	43658	            Granulicoccus
  0.00	1	1	G	43657	            Friedmanniella
  0.00	1	1	G	43661	            Luteococcus
  0.03	16	1	F	43641	          Nocardioidaceae
  0.02	8	8	G	43648	            Nocardioides
  0.01	3	3	G	43650	            uncultured
  0.00	2	2	G	43645	            Kribbella
  0.00	1	1	G	43646	            Marmoricola
  0.00	1	1	G	43647	            Mumia
  0.33	161	1	O	43342	        Corynebacteriales
  0.20	97	3	F	43343	          Corynebacteriaceae
  0.14	68	68	G	43344	            Corynebacterium
  0.04	22	22	G	43345	            Lawsonella
  0.01	4	4	G	43346	            Turicella
  0.08	37	0	F	43352	          Mycobacteriaceae
  0.08	37	37	G	43354	            Mycobacterium
  0.03	16	0	F	43355	          Nocardiaceae
  0.02	10	10	G	43359	            Rhodococcus
  0.01	3	3	G	43362	            Williamsia
  0.00	2	2	G	43356	            Gordonia
  0.00	1	1	G	43358	            Nocardia
  0.02	10	0	F	43350	          Dietziaceae
  0.02	10	10	G	43351	            Dietzia
  0.31	154	20	O	43416	        Micrococcales
  0.10	50	2	F	43490	          Microbacteriaceae
  0.07	35	35	G	43534	            Microbacterium
  0.01	3	3	G	43492	            Agrococcus
  0.01	3	3	G	43500	            Candidatus Limnoluna
  0.00	2	2	G	43553	            uncultured
  0.00	1	1	G	43527	            Leifsonia
  0.00	1	1	G	43498	            Candidatus Aquiluna
  0.00	1	1	G	43515	            Galbitalea
  0.00	1	1	G	43502	            Chryseoglobus
  0.00	1	1	G	43493	            Agromyces
  0.09	42	7	F	43554	          Micrococcaceae
  0.03	13	13	G	43565	            Micrococcus
  0.02	12	12	G	43556	            Arthrobacter
  0.01	3	3	G	43558	            Citricoccus
  0.00	2	2	G	43568	            Paenarthrobacter
  0.00	2	2	G	43564	            Kocuria
  0.00	1	1	G	43578	            uncultured
  0.00	1	1	G	43570	            Pseudarthrobacter
  0.00	1	1	G	43569	            Paeniglutamicibacter
  0.05	24	0	F	43423	          Bogoriellaceae
  0.05	24	24	G	43425	            Georgenia
  0.02	8	0	F	43460	          Dermatophilaceae
  0.02	8	8	G	43467	            uncultured
  0.01	5	0	F	43468	          Intrasporangiaceae
  0.01	4	4	G	43481	            Ornithinimicrobium
  0.00	1	1	G	43482	            Oryzihumus
  0.00	2	0	F	43426	          Brevibacteriaceae
  0.00	2	2	G	43427	            Brevibacterium
  0.00	1	0	F	43430	          Cellulomonadaceae
  0.00	1	1	G	43432	            Cellulomonas
  0.00	1	0	F	43439	          Demequinaceae
  0.00	1	1	G	43440	            Demequina
  0.00	1	0	F	43443	          Dermabacteraceae
  0.00	1	1	G	43444	            Brachybacterium
  0.31	152	47	O	43716	        Streptosporangiales
  0.10	51	0	F	43751	          Thermomonosporaceae
  0.10	48	48	G	43754	            Actinomadura
  0.01	3	3	G	43753	            Actinocorallia
  0.07	35	26	F	43717	          Nocardiopsaceae
  0.01	7	7	G	43726	            Nocardiopsis
  0.00	2	2	G	43731	            uncultured
  0.04	19	3	F	43732	          Streptosporangiaceae
  0.02	8	8	G	43744	            Streptosporangium
  0.01	4	4	G	43743	            Sphaerisporangium
  0.01	3	3	G	43737	            Nonomuraea
  0.00	1	1	G	43735	            Microbispora
  0.12	60	0	O	43709	        Streptomycetales
  0.12	60	0	F	43710	          Streptomycetaceae
  0.12	60	60	G	43715	            Streptomyces
  0.11	55	1	O	43376	        Frankiales
  0.03	15	0	F	43382	          Frankiaceae
  0.03	15	15	G	43384	            Jatrophihabitans
  0.02	12	0	F	43391	          Nakamurellaceae
  0.02	12	12	G	43392	            Nakamurella
  0.02	10	4	F	43385	          Geodermatophilaceae
  0.01	6	6	G	43387	            Blastococcus
  0.01	7	0	F	43393	          Sporichthyaceae
  0.01	5	5	G	43395	            Longivirga
  0.00	2	2	G	43397	            hgcI clade
  0.01	7	7	F	43399	          uncultured
  0.01	3	0	F	43377	          Acidothermaceae
  0.01	3	3	G	43378	            Acidothermus
  0.04	21	0	O	43600	        Micromonosporales
  0.04	21	0	F	43601	          Micromonosporaceae
  0.02	10	10	G	43616	            Micromonospora
  0.00	2	2	G	43633	            uncultured
  0.00	2	2	G	43632	            Xiangella
  0.00	2	2	G	43611	            Dactylosporangium
  0.00	1	1	G	43603	            Actinoplanes
  0.00	1	1	G	43628	            Stackebrandtia
  0.00	1	1	G	43617	            Phytohabitans
  0.00	1	1	G	43614	            Longispora
  0.00	1	1	G	43613	            Krasilnikovia
  0.01	7	7	O	43639	        PeM15
  0.01	6	0	O	43400	        Glycomycetales
  0.01	6	0	F	43401	          Glycomycetaceae
  0.01	6	6	G	43406	            uncultured
  0.01	4	0	O	43311	        Actinomycetales
  0.01	3	0	F	43312	          Actinomycetaceae
  0.01	3	3	G	43314	            Actinomyces
  0.00	1	0	F	43323	          Actinomycetales Incertae Sedis
  0.00	1	1	G	43324	            Candidatus Ancillula
  0.00	2	0	O	43408	        Kineosporiales
  0.00	2	0	F	43409	          Kineosporiaceae
  0.00	2	2	G	43411	            Kineococcus
  0.00	1	0	O	43325	        Bifidobacteriales
  0.00	1	0	F	43326	          Bifidobacteriaceae
  0.00	1	1	G	43329	            Bifidobacterium
  0.00	1	1	O	43310	        0319-7L14
  0.00	1	0	O	43634	        Nitriliruptorales
  0.00	1	1	F	43635	          Nitriliruptoraceae
  0.00	2	0	C	43762	      Coriobacteriia
  0.00	2	0	O	43764	        Coriobacteriales
  0.00	2	1	F	43765	          Atopobiaceae
  0.00	1	1	G	43770	            Olsenella
  0.00	1	0	C	43280	      Acidimicrobiia
  0.00	1	1	O	43308	        uncultured
  0.00	1	0	C	43805	      Thermoleophilia
  0.00	1	0	O	43810	        Solirubrobacterales
  0.00	1	0	F	43812	          Solirubrobacteraceae
  0.00	1	1	G	43813	            Conexibacter
  4.69	2291	323	P	2375	    Proteobacteria
  2.51	1228	158	C	3303	      Gammaproteobacteria
  0.63	309	1	O	3786	        Xanthomonadales
  0.62	303	7	F	3799	          Xanthomonadaceae
  0.48	233	233	G	14689	            Vulcaniibacterium
  0.12	57	57	G	3818	            Stenotrophomonas
  0.01	3	3	G	3813	            Pseudoxanthomonas
  0.00	2	2	G	3820	            Thermomonas
  0.00	1	1	G	3809	            Lysobacter
  0.01	5	0	F	26864	          Rhodanobacteraceae
  0.01	3	3	G	26868	            Dokdonella
  0.00	1	1	G	26866	            Chiayiivirga
  0.00	1	1	G	26877	            Rhodanobacter
  0.60	294	0	O	3709	        Pseudomonadales
  0.57	277	3	F	3718	          Pseudomonadaceae
  0.56	274	274	G	3723	            Pseudomonas
  0.03	17	2	F	3710	          Moraxellaceae
  0.02	8	8	G	3717	            uncultured
  0.01	7	7	G	3711	            Acinetobacter
  0.59	287	30	O	46187	        Burkholderiales
  0.16	78	9	F	46259	          Comamonadaceae
  0.02	10	10	G	46271	            Curvibacter
  0.02	9	9	G	46290	            Pelomonas
  0.02	9	9	G	46269	            Comamonas
  0.01	6	6	G	46297	            Rhizobacter
  0.01	5	5	G	46315	            uncultured
  0.01	5	5	G	46260	            Acidovorax
  0.01	5	5	G	46304	            Sphaerotilus
  0.01	4	4	G	46296	            Ramlibacter
  0.01	3	3	G	46272	            Delftia
  0.01	3	3	G	46273	            Diaphorobacter
  0.00	2	2	G	46262	            Aquabacterium
  0.00	2	2	G	46279	            Inhella
  0.00	1	1	G	46276	            Hydrogenophaga
  0.00	1	1	G	46303	            Simplicispira
  0.00	1	1	G	46282	            Leptothrix
  0.00	1	1	G	46292	            Polaromonas
  0.00	1	1	G	46275	            Giesbergeria
  0.00	1	1	G	46298	            Rhodoferax
  0.14	69	26	F	46220	          Burkholderiaceae
  0.08	41	41	G	46221	            Burkholderia-Caballeronia-Paraburkholderia
  0.00	1	1	G	46223	            Candidatus Tremblaya
  0.00	1	1	G	46224	            Cupriavidus
  0.08	39	6	F	46189	          Alcaligenaceae
  0.03	13	13	G	46212	            Verticiella
  0.02	12	12	G	46210	            Pusillimonas
  0.01	5	5	G	46213	            uncultured
  0.00	2	2	G	46190	            Achromobacter
  0.00	1	1	G	46194	            Bordetella
  0.06	30	5	F	46375	          Oxalobacteraceae
  0.04	22	22	G	46388	            Massilia
  0.00	1	1	G	46397	            Undibacterium
  0.00	1	1	G	46389	            Noviherbaspirillum
  0.00	1	1	G	46385	            Herbaspirillum
  0.04	21	3	F	46403	          Rhodocyclaceae
  0.02	11	11	G	46424	            Sulfuritalea
  0.01	4	4	G	46429	            uncultured
  0.00	1	1	G	46405	            Azonexus
  0.00	1	1	G	46425	            Thauera
  0.00	1	1	G	46411	            Dechloromonas
  0.01	6	0	F	46361	          Nitrosomonadaceae
  0.01	5	5	G	46363	            DSSD61
  0.00	1	1	G	46365	            GOUTA6
  0.01	6	0	F	46348	          Neisseriaceae
  0.01	4	4	G	46354	            Neisseria
  0.00	2	2	G	46360	            uncultured
  0.01	4	0	F	46431	          Sulfuricellaceae
  0.00	2	2	G	46432	            Ferritrophicum
  0.00	2	2	G	46435	            Sulfurirhabdus
  0.00	2	0	F	46325	          Hydrogenophilaceae
  0.00	1	1	G	46330	            Tepidiphilus
  0.00	1	1	G	46331	            Thiobacillus
  0.00	1	0	F	46436	          Sutterellaceae
  0.00	1	1	G	46440	            uncultured
  0.00	1	0	F	46334	          Leeiaceae
  0.00	1	1	G	46335	            Leeia
  0.16	79	3	O	46449	        Enterobacterales
  0.13	65	20	F	46454	          Enterobacteriaceae
  0.08	37	37	G	46463	            Escherichia-Shigella
  0.01	3	3	G	46459	            Citrobacter
  0.01	3	3	G	46465	            Klebsiella
  0.00	1	1	G	46474	            Salmonella
  0.00	1	1	G	46462	            Enterobacter
  0.01	7	1	F	46478	          Erwiniaceae
  0.01	5	5	G	46483	            Pantoea
  0.00	1	1	G	46484	            Phaseolibacter
  0.00	2	0	F	46493	          Morganellaceae
  0.00	2	2	G	46523	            endosymbionts
  0.00	2	0	F	46536	          Yersiniaceae
  0.00	2	2	G	46541	            Serratia
  0.08	41	8	O	11512	        Cellvibrionales
  0.07	33	0	F	11514	          Cellvibrionaceae
  0.07	33	33	G	11516	            Cellvibrio
  0.07	33	0	O	3593	        Oceanospirillales
  0.07	32	3	F	3610	          Halomonadaceae
  0.06	27	27	G	3616	            Halomonas
  0.00	1	1	G	3624	            uncultured
  0.00	1	1	G	3620	            Modicisalibacter
  0.00	1	0	F	26768	          Nitrincolaceae
  0.00	1	1	G	26775	            Neptunomonas
  0.02	8	0	O	3775	        Vibrionales
  0.02	8	0	F	3776	          Vibrionaceae
  0.01	7	7	G	3783	            Vibrio
  0.00	1	1	G	3781	            Photobacterium
  0.01	7	0	O	26732	        Nitrosococcales
  0.01	6	0	F	26733	          Methylophagaceae
  0.01	5	5	G	26735	            Methylophaga
  0.00	1	1	G	26736	            uncultured
  0.00	1	0	F	26737	          Nitrosococcaceae
  0.00	1	1	G	26739	            AqS1
  0.01	7	0	O	3333	        Alteromonadales
  0.01	3	0	F	3392	          Pseudoalteromonadaceae
  0.01	3	3	G	3394	            Pseudoalteromonas
  0.00	2	0	F	3399	          Shewanellaceae
  0.00	2	2	G	3400	            Shewanella
  0.00	1	0	F	3378	          Colwelliaceae
  0.00	1	1	G	11506	            Thalassotalea
  0.00	1	0	F	3397	          Psychromonadaceae
  0.00	1	1	G	3398	            Psychromonas
  0.00	1	0	O	3409	        Cardiobacteriales
  0.00	1	0	F	3410	          Cardiobacteriaceae
  0.00	1	1	G	3411	            Cardiobacterium
  0.00	1	1	O	3467	        EC3
  0.00	1	0	O	26834	        Tenderiales
  0.00	1	0	F	26835	          Tenderiaceae
  0.00	1	1	G	26836	            Candidatus Tenderia
  0.00	1	0	O	26825	        Steroidobacterales
  0.00	1	0	F	26830	          Woeseiaceae
  0.00	1	1	G	26832	            Woeseia
  0.00	1	0	O	3316	        Aeromonadales
  0.00	1	1	F	3326	          Succinivibrionaceae
  1.51	739	141	C	2379	      Alphaproteobacteria
  0.57	280	18	O	2421	        Rhizobiales
  0.22	110	71	F	2525	          Rhizobiaceae
  0.03	17	17	G	26091	            Allorhizobium-Neorhizobium-Pararhizobium-Rhizobium
  0.01	7	7	G	2526	            Ensifer
  0.01	5	5	G	26115	            Ochrobactrum
  0.01	3	3	G	26112	            Mesorhizobium
  0.00	1	1	G	26098	            Candidatus Hodgkinia
  0.00	1	1	G	26108	            Hoeflea
  0.00	1	1	G	26103	            Cohaesibacter
  0.00	1	1	G	26101	            Chelativorans
  0.00	1	1	G	26118	            Phyllobacterium
  0.00	1	1	G	26120	            Pseudaminobacter
  0.00	1	1	G	26121	            Pseudochrobactrum
  0.19	95	29	F	2435	          Beijerinckiaceae
  0.07	34	34	G	46157	            Methylobacterium-Methylorubrum
  0.02	10	10	G	26042	            Bosea
  0.01	7	7	G	2444	            uncultured
  0.01	7	7	G	26048	            Microvirga
  0.01	5	5	G	26044	            FukuN57
  0.00	1	1	G	14512	            Pseudochelatococcus
  0.00	1	1	G	26050	            Psychroglaciecola
  0.00	1	1	G	2438	            Chelatococcus
  0.04	18	4	F	2545	          Xanthobacteraceae
  0.01	6	6	G	26151	            Bradyrhizobium
  0.01	3	3	G	2554	            uncultured
  0.00	2	2	G	26148	            Afipia
  0.00	1	1	G	2552	            Starkeya
  0.00	1	1	G	26157	            Rhodoplanes
  0.00	1	1	G	2546	            Ancylobacter
  0.03	13	0	F	2472	          Hyphomicrobiaceae
  0.02	10	10	G	2480	            Hyphomicrobium
  0.01	3	3	G	2483	            Pedomicrobium
  0.02	11	0	F	26081	          Pleomorphomonadaceae
  0.02	11	11	G	26088	            uncultured
  0.01	6	0	F	26055	          Devosiaceae
  0.01	5	5	G	26058	            Devosia
  0.00	1	1	G	26064	            uncultured
  0.00	2	2	F	2556	          uncultured
  0.00	2	2	F	2423	          A0839
  0.00	2	0	F	26071	          Methyloligellaceae
  0.00	2	2	G	26075	            uncultured
  0.00	1	0	F	2530	          Rhizobiales Incertae Sedis
  0.00	1	1	G	2532	            Bauldia
  0.00	1	0	F	26067	          Labraceae
  0.00	1	1	G	26068	            Labrys
  0.00	1	0	F	26076	          Methylopilaceae
  0.00	1	1	G	26078	            Hansschlegelia
  0.41	202	0	O	2823	        Sphingomonadales
  0.41	202	61	F	2844	          Sphingomonadaceae
  0.11	56	56	G	2852	            Sphingomonas
  0.04	19	19	G	2846	            Novosphingobium
  0.03	16	16	G	26240	            Altererythrobacter
  0.03	13	13	G	26243	            DSSF69
  0.02	9	9	G	2850	            Sphingobium
  0.01	5	5	G	2858	            uncultured
  0.01	4	4	G	26245	            Erythrobacter
  0.01	4	4	G	2853	            Sphingopyxis
  0.01	4	4	G	14559	            Rhizorhapis
  0.01	3	3	G	26249	            Qipengyuania
  0.00	2	2	G	2857	            Zymomonas
  0.00	1	1	G	26244	            Ellin6055
  0.00	1	1	G	14558	            Parablastomonas
  0.00	1	1	G	11469	            Polymorphobacter
  0.00	1	1	G	26246	            MN 122.2a
  0.00	1	1	G	2854	            Sphingorhabdus
  0.00	1	1	G	2851	            Sphingomicrobium
  0.08	39	0	O	2557	        Rhodobacterales
  0.08	39	12	F	2558	          Rhodobacteraceae
  0.02	11	11	G	2607	            Paracoccus
  0.01	4	4	G	2666	            uncultured
  0.01	3	3	G	2620	            Pseudorhodobacter
  0.00	2	2	G	2574	            Gemmobacter
  0.00	1	1	G	2628	            Roseibacterium
  0.00	1	1	G	2624	            Rhodobacter
  0.00	1	1	G	26168	            Marivivens
  0.00	1	1	G	2642	            Rubellimicrobium
  0.00	1	1	G	46161	            Cognatishimia
  0.00	1	1	G	2567	            Citreicella
  0.00	1	1	G	11455	            Planktomarina
  0.05	23	0	O	2386	        Caulobacterales
  0.04	20	7	F	2387	          Caulobacteraceae
  0.01	7	7	G	2390	            Brevundimonas
  0.01	4	4	G	2393	            uncultured
  0.00	2	2	G	2391	            Caulobacter
  0.01	3	0	F	2394	          Hyphomonadaceae
  0.00	1	1	G	2399	            Hirschia
  0.00	1	1	G	2407	            uncultured
  0.00	1	1	G	2395	            Algimonas
  0.04	18	0	O	25900	        Acetobacterales
  0.04	18	9	F	25901	          Acetobacteraceae
  0.01	5	5	G	25904	            Acidiphilium
  0.00	1	1	G	25937	            uncultured
  0.00	1	1	G	25921	            Komagataeibacter
  0.00	1	1	G	25910	            Asaia
  0.00	1	1	G	25916	            Endobacter
  0.02	11	0	O	2761	        Rickettsiales
  0.01	3	0	F	2781	          Rickettsiaceae
  0.01	3	3	G	2784	            Rickettsia
  0.01	3	0	F	46172	          Fokiniaceae
  0.01	3	3	G	46180	            uncultured
  0.00	2	2	F	2801	          SM2D12
  0.00	1	0	F	2763	          Anaplasmataceae
  0.00	1	1	G	2767	            Candidatus Xenolissoclinum
  0.00	1	1	F	2805	          Mitochondria
  0.00	1	1	F	2806	          uncultured
  0.01	6	0	O	2667	        Rhodospirillales
  0.01	4	0	F	26183	          Magnetospirillaceae
  0.01	3	3	G	26188	            uncultured
  0.00	1	1	G	26184	            Magnetospirillum
  0.00	1	0	F	2717	          Rhodospirillaceae
  0.00	1	1	G	2722	            Candidatus Riegeria
  0.00	1	1	F	26198	          uncultured
  0.01	5	0	O	25946	        Azospirillales
  0.01	4	0	F	25947	          Azospirillaceae
  0.01	3	3	G	25948	            Azospirillum
  0.00	1	1	G	25953	            Skermanella
  0.00	1	0	F	25955	          Azospirillales Incertae Sedis
  0.00	1	1	G	25956	            Stella
  0.01	3	0	O	26028	        Puniceispirillales
  0.00	2	2	F	26032	          SAR116 clade
  0.00	1	1	F	26034	          uncultured
  0.00	2	2	O	46136	        Ferrovibrionales
  0.00	2	2	O	26269	        uncultured
  0.00	2	0	O	26252	        Thalassobaculales
  0.00	1	0	F	26256	          Oceanibaculaceae
  0.00	1	1	G	26257	            Oceanibaculum
  0.00	1	1	F	26261	          uncultured
  0.00	1	0	O	46182	        Zavarziniales
  0.00	1	1	F	46183	          Zavarziniaceae
  0.00	1	0	O	46142	        Kiloniellales
  0.00	1	0	F	46148	          Kiloniellaceae
  0.00	1	1	G	46154	            uncultured
  0.00	1	0	O	25998	        Micavibrionales
  0.00	1	1	F	26002	          uncultured
  0.00	1	0	O	25986	        Holosporales
  0.00	1	0	F	25987	          Holosporaceae
  0.00	1	1	G	25990	            Candidatus Paraholospora
  0.00	1	1	O	2808	        SAR11 clade
  0.00	1	0	C	26883	      Magnetococcia
  0.00	1	0	O	26884	        Magnetococcales
  0.00	1	0	F	26885	          Magnetococcaceae
  0.00	1	1	G	26886	            Magnetococcus
  0.76	370	1	P	43868	    Bacteroidota
  0.74	361	18	C	43869	      Bacteroidia
  0.26	126	6	O	44004	        Chitinophagales
  0.24	119	20	F	44006	          Chitinophagaceae
  0.17	82	82	G	44043	            uncultured
  0.01	7	7	G	44034	            Puia
  0.01	6	6	G	44036	            Sediminibacterium
  0.00	2	2	G	44038	            Taibaiella
  0.00	1	1	G	44010	            Chitinophaga
  0.00	1	1	G	44018	            Flaviaesturariibacter
  0.00	1	0	F	44044	          Saprospiraceae
  0.00	1	1	G	44055	            uncultured
  0.16	79	0	O	44057	        Cytophagales
  0.13	63	5	F	44122	          Microscillaceae
  0.12	57	57	G	44130	            uncultured
  0.00	1	1	G	44123	            Chryseolinea
  0.03	14	11	F	44068	          Cyclobacteriaceae
  0.00	1	1	G	44071	            Aquiflexum
  0.00	1	1	G	44069	            Algoriphagus
  0.00	1	1	G	44086	            Mariniradius
  0.00	1	0	F	44099	          Cytophagaceae
  0.00	1	1	G	44103	            Sporocytophaga
  0.00	1	0	F	44135	          Spirosomaceae
  0.00	1	1	G	44136	            Arcicella
  0.10	48	0	O	44160	        Flavobacteriales
  0.06	28	5	F	44311	          Weeksellaceae
  0.04	22	22	G	44317	            Chryseobacterium
  0.00	1	1	G	44318	            Cloacibacterium
  0.04	18	12	F	44183	          Flavobacteriaceae
  0.01	5	5	G	44221	            Flavobacterium
  0.00	1	1	G	44268	            Polaribacter
  0.00	2	0	F	44167	          Crocinitomicaceae
  0.00	2	2	G	44169	            Crocinitomix
  0.10	47	1	O	43870	        Bacteroidales
  0.06	28	0	F	43964	          Rikenellaceae
  0.06	27	27	G	43972	            Rikenellaceae RC9 gut group
  0.00	1	1	G	43978	            uncultured
  0.01	6	0	F	43873	          Bacteroidaceae
  0.01	6	6	G	43874	            Bacteroides
  0.01	6	0	F	43940	          Prevotellaceae
  0.01	5	5	G	43948	            Prevotellaceae UCG-004
  0.00	1	1	G	43943	            Prevotella
  0.01	5	5	F	43898	          F082
  0.00	1	1	F	43880	          Bacteroidetes BD2-2
  0.09	43	0	O	44330	        Sphingobacteriales
  0.09	42	0	F	44348	          Sphingobacteriaceae
  0.08	40	40	G	44360	            Sphingobacterium
  0.00	2	2	G	44354	            Parapedobacter
  0.00	1	1	F	44340	          Lentimicrobiaceae
  0.01	6	0	C	44390	      Kapabacteria
  0.01	6	6	O	44391	        Kapabacteriales
  0.00	2	1	C	44402	      Rhodothermia
  0.00	1	0	O	44403	        Balneolales
  0.00	1	0	F	44404	          Balneolaceae
  0.00	1	1	G	44412	            Gracilimonas
  0.52	255	2	P	1385	    Chloroflexi
  0.44	213	0	C	1411	      Chloroflexia
  0.42	207	0	O	1413	        Chloroflexales
  0.22	110	5	F	1414	          Chloroflexaceae
  0.19	91	91	G	25152	            FFCH7168
  0.02	12	12	G	25151	            Candidatus Chlorothrix
  0.00	1	1	G	1415	            Chloroflexus
  0.00	1	1	G	25153	            Oscillochloris
  0.20	97	1	F	1422	          Roseiflexaceae
  0.20	96	96	G	25158	            uncultured
  0.01	6	0	O	25163	        Thermomicrobiales
  0.01	6	6	F	25165	          JG30-KF-CM45
  0.07	33	0	C	1386	      Anaerolineae
  0.06	31	31	O	25141	        RBG-13-54-9
  0.00	1	0	O	1387	        Anaerolineales
  0.00	1	0	F	1388	          Anaerolineaceae
  0.00	1	1	G	1395	            uncultured
  0.00	1	1	O	25142	        SBR1031
  0.01	4	0	C	1450	      Ktedonobacteria
  0.01	4	0	O	1456	        Ktedonobacterales
  0.01	4	0	F	1464	          Ktedonobacteraceae
  0.01	4	4	G	25193	            1959-1
  0.00	2	0	C	1428	      Dehalococcoidia
  0.00	1	1	O	25185	        SAR202 clade
  0.00	1	1	O	1443	        vadinBA26
  0.00	1	1	C	1448	      KD4-96
  0.03	15	0	P	44430	    Bdellovibrionota
  0.02	10	0	C	44443	      Oligoflexia
  0.01	6	6	O	44444	        0319-6G20
  0.01	4	0	O	44450	        Silvanigrellales
  0.01	4	0	F	44451	          Silvanigrellaceae
  0.01	4	4	G	44453	            Silvanigrella
  0.01	5	0	C	44431	      Bdellovibrionia
  0.01	3	0	O	44438	        Bdellovibrionales
  0.01	3	0	F	44439	          Bdellovibrionaceae
  0.01	3	3	G	44441	            OM27 clade
  0.00	2	0	O	44432	        Bacteriovoracales
  0.00	2	0	F	44433	          Bacteriovoracaceae
  0.00	2	2	G	44437	            uncultured
  0.03	14	0	P	1500	    Cyanobacteria
  0.02	8	0	C	44560	      Cyanobacteriia
  0.02	8	8	O	44561	        Chloroplast
  0.01	6	0	C	44854	      Vampirivibrionia
  0.01	6	6	O	44856	        Gastranaerophilales
  0.03	14	2	P	44898	    Desulfobacterota
  0.02	8	0	C	44910	      Desulfobacteria
  0.02	8	0	O	44914	        Desulfobacterales
  0.01	6	6	F	44954	          uncultured
  0.00	1	1	F	44916	          Desulfobacteraceae
  0.00	1	0	F	44938	          Desulfosarcinaceae
  0.00	1	1	G	44953	            uncultured
  0.00	2	0	C	44981	      Desulfomonilia
  0.00	2	0	O	44982	        Desulfomonilales
  0.00	2	0	F	44983	          Desulfomonilaceae
  0.00	2	2	G	44984	            Desulfomonile
  0.00	1	0	C	45060	      Syntrophobacteria
  0.00	1	0	O	45061	        Syntrophobacterales
  0.00	1	0	F	45062	          Syntrophobacteraceae
  0.00	1	1	G	45068	            Syntrophobacter
  0.00	1	0	C	45073	      Syntrophorhabdia
  0.00	1	0	O	45074	        Syntrophorhabdales
  0.00	1	0	F	45075	          Syntrophorhabdaceae
  0.00	1	1	G	45076	            Syntrophorhabdus
  0.02	8	3	P	25752	    Patescibacteria
  0.00	2	0	C	25821	      Saccharimonadia
  0.00	2	1	O	25822	        Saccharimonadales
  0.00	1	0	F	25823	          Saccharimonadaceae
  0.00	1	1	G	46011	            TM7x
  0.00	1	0	C	25753	      ABY1
  0.00	1	1	O	25761	        Candidatus Uhrbacteria
  0.00	1	0	C	25764	      Gracilibacteria
  0.00	1	1	O	25767	        Candidatus Peregrinibacteria
  0.00	1	0	C	25772	      Microgenomatia
  0.00	1	1	O	25785	        Candidatus Woykebacteria
  0.01	7	0	P	45909	    Myxococcota
  0.01	6	0	C	45910	      Myxococcia
  0.01	6	0	O	45911	        Myxococcales
  0.01	6	0	F	45915	          Myxococcaceae
  0.01	6	6	G	45929	            uncultured
  0.00	1	0	C	45932	      Polyangia
  0.00	1	0	O	45948	        Polyangiales
  0.00	1	0	F	45954	          Polyangiaceae
  0.00	1	1	G	45961	            Pajaroellobacter
  0.01	6	0	P	44881	    Deinococcota
  0.01	6	0	C	44882	      Deinococci
  0.01	4	0	O	44883	        Deinococcales
  0.01	3	0	F	44884	          Deinococcaceae
  0.01	3	3	G	44886	            Deinococcus
  0.00	1	0	F	44888	          Trueperaceae
  0.00	1	1	G	44889	            Truepera
  0.00	2	0	O	44890	        Thermales
  0.00	2	0	F	44891	          Thermaceae
  0.00	2	2	G	44896	            Thermus
  0.01	6	0	P	43177	    Acidobacteriota
  0.01	3	0	C	43267	      Vicinamibacteria
  0.01	3	0	O	43271	        Vicinamibacterales
  0.00	2	2	F	43272	          Vicinamibacteraceae
  0.00	1	1	F	43276	          uncultured
  0.00	2	0	C	43179	      Acidobacteriae
  0.00	2	0	O	43182	        Acidobacteriales
  0.00	2	0	F	43183	          Acidobacteriaceae (Subgroup 1)
  0.00	1	1	G	43190	            Occallatibacter
  0.00	1	1	G	43194	            uncultured
  0.00	1	1	C	43249	      ODP1230B23.02
  0.01	5	0	P	43172	    Abditibacteriota
  0.01	5	0	C	43173	      Abditibacteria
  0.01	5	0	O	43174	        Abditibacteriales
  0.01	5	0	F	43175	          Abditibacteriaceae
  0.01	5	5	G	43176	            Abditibacterium
  0.01	4	0	P	46698	    Verrucomicrobiota
  0.01	3	0	C	46771	      Verrucomicrobiae
  0.01	3	0	O	46812	        Pedosphaerales
  0.01	3	0	F	46813	          Pedosphaeraceae
  0.00	2	2	G	46818	            Ellin516
  0.00	1	1	G	46817	            DEV114
  0.00	1	0	C	46766	      Omnitrophia
  0.00	1	0	O	46767	        Omnitrophales
  0.00	1	0	F	46768	          Omnitrophaceae
  0.00	1	1	G	46769	            Candidatus Omnitrophus
  0.01	4	0	P	46587	    Spirochaetota
  0.01	4	0	C	46609	      Spirochaetia
  0.01	4	0	O	46610	        Spirochaetales
  0.01	4	0	F	46611	          Spirochaetaceae
  0.01	3	3	G	46624	            Treponema
  0.00	1	1	G	46625	            uncultured
  0.00	2	0	P	46016	    Planctomycetota
  0.00	2	0	C	46071	      Planctomycetes
  0.00	1	0	O	46072	        Gemmatales
  0.00	1	1	F	46073	          Gemmataceae
  0.00	1	0	O	46089	        Pirellulales
  0.00	1	0	F	46090	          Pirellulaceae
  0.00	1	1	G	46098	            Pir4 lineage
  0.00	2	0	P	45873	    Gemmatimonadota
  0.00	1	0	C	45876	      Gemmatimonadetes
  0.00	1	0	O	45877	        Gemmatimonadales
  0.00	1	0	F	45878	          Gemmatimonadaceae
  0.00	1	1	G	45879	            Gemmatimonas
  0.00	1	0	C	45882	      Longimicrobia
  0.00	1	0	O	45883	        Longimicrobiales
  0.00	1	1	F	45884	          Longimicrobiaceae
  0.00	2	0	P	44864	    Deferribacterota
  0.00	2	0	C	44865	      Deferribacteres
  0.00	2	0	O	44866	        Deferribacterales
  0.00	2	0	F	44867	          Deferribacteraceae
  0.00	2	2	G	44869	            Deferribacter
  0.00	2	0	P	44479	    Campilobacterota
  0.00	2	0	C	44480	      Campylobacteria
  0.00	1	0	O	44481	        Campylobacterales
  0.00	1	0	F	44511	          Sulfurovaceae
  0.00	1	1	G	44512	            Nitratifractor
  0.00	1	0	O	44517	        Nautiliales
  0.00	1	0	F	44518	          Nautiliaceae
  0.00	1	1	G	44522	            uncultured
  0.00	2	0	P	43824	    Aerophobota
  0.00	2	0	C	43825	      Aerophobia
  0.00	2	2	O	43826	        Aerophobales
  0.00	1	1	P	904	    BHI80-139
  0.00	1	0	P	46669	    Thermotogota
  0.00	1	0	C	46670	      Thermotogae
  0.00	1	0	O	46689	        Thermotogales
  0.00	1	1	F	46690	          Fervidobacteriaceae
  0.00	1	0	P	46635	    Synergistota
  0.00	1	0	C	46636	      Synergistia
  0.00	1	0	O	46637	        Synergistales
  0.00	1	0	F	46638	          Synergistaceae
  0.00	1	1	G	46657	            uncultured
  0.00	1	0	P	11130	    Acetothermia
  0.00	1	1	C	24412	      Acetothermiia
  0.00	1	0	P	45116	    Fibrobacterota
  0.00	1	0	C	45126	      Fibrobacteria
  0.00	1	0	O	45127	        Fibrobacterales
  0.00	1	1	F	45147	          uncultured
  0.00	1	0	P	45093	    Elusimicrobiota
  0.00	1	0	C	45095	      Elusimicrobia
  0.00	1	1	O	45100	        Lineage IV
  0.00	1	0	P	11400	    Hydrogenedentes
  0.00	1	0	C	25702	      Hydrogenedentia
  0.00	1	0	O	25703	        Hydrogenedentiales
  0.00	1	1	F	25704	          Hydrogenedensaceae
  0.00	1	0	P	44456	    Caldatribacteriota
  0.00	1	1	C	44461	      JS1
  0.00	1	0	P	43853	    Armatimonadota
  0.00	1	0	C	43854	      Armatimonadia
  0.00	1	1	O	43855	        Armatimonadales
  8.84	4322	430	D	4	  Eukaryota
  6.64	3247	7	D1	46848	    Amorphea
  6.62	3238	0	D2	46957	      Obazoa
  6.62	3238	242	D3	46958	        Opisthokonta
  4.69	2293	0	D	47567	          Nucletmycea
  4.69	2293	23	K	47572	            Fungi
  4.63	2263	695	K1	47666	              Dikarya
  1.68	820	2	P	47667	                Ascomycota
  1.41	691	198	P1	47673	                  Pezizomycotina
  0.80	392	31	C	47931	                    Eurotiomycetes
  0.38	186	0	O	47960	                      Eurotiales
  0.38	184	1	F	47961	                        Aspergillaceae
  0.37	179	179	G	47962	                          Aspergillus
  0.01	4	4	G	47970	                          Penicillium
  0.00	2	0	F	47984	                        Trichocomaceae
  0.00	2	2	G	47987	                          Talaromyces
  0.34	165	0	O	47999	                      Onygenales
  0.32	156	156	G	48029	                        Leucothecium
  0.01	6	0	F	48000	                        Ajellomycetaceae
  0.01	5	5	G	48001	                          Blastomyces
  0.00	1	1	G	48003	                          Histoplasma
  0.00	2	1	F	48033	                        Onygenaceae
  0.00	1	1	G	48034	                          Aphanoascus
  0.00	1	0	F	48026	                        Incertae Sedis
  0.00	1	1	G	48027	                          Coccidioides
  0.02	9	0	O	47932	                      Chaetothyriales
  0.02	9	0	F	47938	                        Herpotrichiellaceae
  0.01	7	7	G	47942	                          Exophiala
  0.00	2	2	G	47941	                          Cladophialophora
  0.00	1	0	O	48049	                      Verrucariales
  0.00	1	0	F	48050	                        Verrucariaceae
  0.00	1	1	G	48061	                          Placidiopsis
  0.08	39	22	C	47685	                    Dothideomycetes
  0.02	8	1	O	47697	                      Capnodiales
  0.01	3	0	F	47743	                        Teratosphaeriaceae
  0.00	1	1	G	47744	                          Acidomyces
  0.00	1	1	G	47754	                          Neocatenulostroma
  0.00	1	1	G	47759	                          Teratosphaeria
  0.00	1	0	F	47703	                        Cladosporiaceae
  0.00	1	1	G	47704	                          Cladosporium
  0.00	1	0	F	47711	                        Extremaceae
  0.00	1	1	G	47712	                          Vermiconia
  0.00	1	0	F	47717	                        Mycosphaerellaceae
  0.00	1	1	G	47733	                          Ramularia
  0.00	1	1	G	47742	                        Teratoramularia
  0.01	5	3	O	47800	                      Pleosporales
  0.00	1	0	F	47843	                        Incertae Sedis
  0.00	1	1	G	47846	                          Microsphaeropsis
  0.00	1	1	G	47814	                        Corynespora
  0.01	3	0	O	47761	                      Dothideales
  0.01	3	0	F	47762	                        Aureobasidiaceae
  0.01	3	3	G	47763	                          Aureobasidium
  0.00	1	0	O	47920	                      Venturiales
  0.00	1	0	F	47928	                        Venturiaceae
  0.00	1	1	G	47929	                          Venturia
  0.07	34	19	C	48518	                    Sordariomycetes
  0.01	3	0	O	48532	                      Diaporthales
  0.01	3	3	F	48546	                        Valsaceae
  0.01	3	0	O	48562	                      Hypocreales
  0.00	1	1	F	48571	                        Clavicipitaceae
  0.00	1	0	F	48593	                        Incertae Sedis
  0.00	1	1	G	48594	                          Acremonium
  0.00	1	0	F	48598	                        Nectriaceae
  0.00	1	1	G	48599	                          Chaetopsina
  0.00	2	0	O	48548	                      Glomerellales
  0.00	2	0	F	48552	                        Glomerellaceae
  0.00	2	2	G	48553	                          Colletotrichum
  0.00	2	0	O	48652	                      Microascales
  0.00	1	1	F	48661	                        Halosphaeriaceae
  0.00	1	0	F	48673	                        Microascaceae
  0.00	1	1	G	48674	                          Basipetospora
  0.00	2	0	O	48711	                      Sordariales
  0.00	1	0	F	48716	                        Chaetomiaceae
  0.00	1	1	G	48717	                          Chaetomium
  0.00	1	1	F	48730	                        uncultured
  0.00	1	0	O	48529	                      Conioscyphales
  0.00	1	0	F	48530	                        Conioscyphaceae
  0.00	1	1	G	48531	                          Conioscypha
  0.00	1	0	O	48624	                      Incertae Sedis
  0.00	1	0	F	48625	                        Incertae Sedis
  0.00	1	1	G	48628	                          Ceratostomella
  0.00	1	0	O	48737	                      Xylariales
  0.00	1	1	G	48752	                        Diatrypasimilis
  0.03	13	2	C	48090	                    Lecanoromycetes
  0.01	3	0	O	48116	                      Lecanorales
  0.00	1	1	F	48164	                        Ramalinaceae
  0.00	1	1	G	48128	                        Crocynia
  0.00	1	0	F	48140	                        Parmeliaceae
  0.00	1	1	G	48141	                          Anzia
  0.01	3	0	O	48263	                      Umbilicariales
  0.01	3	0	F	48264	                        Umbilicariaceae
  0.01	3	3	G	48265	                          Umbilicaria
  0.00	2	0	O	48233	                      Teloschistales
  0.00	2	2	F	48241	                        Teloschistaceae
  0.00	1	0	O	48096	                      Baeomycetales
  0.00	1	1	G	48098	                        Baeomyces
  0.00	1	0	O	48099	                      Caliciales
  0.00	1	0	F	48108	                        Physciaceae
  0.00	1	1	G	48114	                          Rinodina
  0.00	1	0	O	48218	                      Pertusariales
  0.00	1	0	F	48225	                        Ochrolechiaceae
  0.00	1	1	G	48226	                          Ochrolechia
  0.01	7	1	C	48270	                    Leotiomycetes
  0.01	4	0	O	48287	                      Helotiales
  0.00	1	1	G	48349	                        Microglossum
  0.00	1	0	F	48332	                        Incertae Sedis
  0.00	1	1	G	48339	                          Tetracladium
  0.00	1	0	F	48317	                        Helotiaceae
  0.00	1	1	G	48318	                          Acidea
  0.00	1	0	F	48355	                        Sclerotiniaceae
  0.00	1	1	G	48357	                          Morus
  0.00	1	0	O	48271	                      Cyttariales
  0.00	1	0	F	48272	                        Cyttariaceae
  0.00	1	1	G	48273	                          Cyttaria
  0.00	1	0	O	48380	                      Thelebolales
  0.00	1	0	F	48381	                        Thelebolaceae
  0.00	1	1	G	48384	                          Thelebolus
  0.01	4	0	C	48419	                    Pezizomycetes
  0.01	4	0	O	48420	                      Pezizales
  0.01	3	0	F	48460	                        Pyronemataceae
  0.00	1	1	G	48465	                          Diehliomyces
  0.00	1	1	G	48466	                          Geopora
  0.00	1	1	G	48485	                          Scutellinia
  0.00	1	1	F	48450	                        Pezizaceae
  0.00	2	0	C	48386	                    Lichinomycetes
  0.00	2	0	O	48387	                      Lichinales
  0.00	2	0	F	48390	                        Lichinaceae
  0.00	2	2	G	48406	                          Thyrea
  0.00	1	0	C	48072	                    Geoglossomycetes
  0.00	1	0	O	48073	                      Geoglossales
  0.00	1	0	F	48074	                        Geoglossaceae
  0.00	1	1	G	48075	                          Geoglossum
  0.00	1	0	C	48774	                    Xylobotryomycetes
  0.00	1	0	O	48775	                      Xylobotryales
  0.00	1	1	G	48776	                        Cirrosporium
  0.26	126	0	P1	48783	                  Saccharomycotina
  0.26	126	0	C	48784	                    Saccharomycetes
  0.26	126	1	O	48785	                      Saccharomycetales
  0.23	114	4	F	48829	                        Metschnikowiaceae
  0.22	109	109	G	48831	                          Clavispora-Candida clade
  0.00	1	1	G	48835	                          Metschnikowia
  0.01	4	0	F	48855	                        Saccharomycetaceae
  0.01	3	3	G	48874	                          Yueomyces
  0.00	1	1	G	48863	                          Kluyveromyces
  0.01	3	0	F	48792	                        Debaryomycetaceae
  0.01	3	3	G	48797	                          Candida-Lodderomyces clade
  0.00	1	0	F	48847	                        Pichiaceae
  0.00	1	1	G	48851	                          Nakazawaea
  0.00	1	0	F	48836	                        Phaffomycetaceae
  0.00	1	1	G	48844	                          Starmera-Candida clade
  0.00	1	0	F	48809	                        Dipodascaceae
  0.00	1	1	G	48815	                          Yarrowia
  0.00	1	0	F	48818	                        Incertae Sedis
  0.00	1	1	G	48819	                          Ambrosiozyma
  0.00	1	0	P1	48897	                  Taphrinomycotina
  0.00	1	0	C	48910	                    Schizosaccharomycetes
  0.00	1	0	O	48911	                      Schizosaccharomycetales
  0.00	1	0	F	48912	                        Schizosaccharomycetaceae
  0.00	1	1	G	48913	                          Schizosaccharomyces
  1.53	748	70	P	48920	                Basidiomycota
  1.17	570	4	P1	49599	                  Ustilaginomycotina
  1.15	563	0	C	49637	                    Malasseziomycetes
  1.15	563	0	O	49638	                      Malasseziales
  1.15	563	0	F	49639	                        Malasseziaceae
  1.15	563	563	G	49640	                          Malassezia
  0.01	3	0	C	49645	                    Ustilaginomycetes
  0.01	3	0	O	49650	                      Ustilaginales
  0.00	2	1	F	49653	                        Ustilaginaceae
  0.00	1	1	G	49658	                          Melanopsichium
  0.00	1	0	F	49651	                        Anthracoideaceae
  0.00	1	1	G	49652	                          Anthracoidea
  0.14	69	0	P1	49423	                  Pucciniomycotina
  0.12	61	0	C	49444	                    Atractiellomycetes
  0.12	61	0	O	49445	                      Atractiellales
  0.12	61	61	G	49450	                        Neogloea
  0.01	3	1	C	49526	                    Pucciniomycetes
  0.00	1	0	O	49527	                      Helicobasidiales
  0.00	1	0	F	49528	                        Helicobasidiaceae
  0.00	1	1	G	49529	                          Helicobasidium
  0.00	1	0	O	49534	                      Pucciniales
  0.00	1	0	F	49538	                        Coleosporiaceae
  0.00	1	1	G	49540	                          Coleosporium
  0.00	2	0	C	49458	                    Cystobasidiomycetes
  0.00	2	0	O	49464	                      Erythrobasidiales
  0.00	2	0	F	49468	                        Incertae Sedis
  0.00	2	2	G	49469	                          Hasegawazyma
  0.00	1	0	C	49424	                    Agaricostilbomycetes
  0.00	1	0	O	49425	                      Agaricostilbales
  0.00	1	0	F	49429	                        Chionosphaeraceae
  0.00	1	1	G	49431	                          Chionosphaera
  0.00	1	0	C	49480	                    Microbotryomycetes
  0.00	1	0	O	49505	                      Leucosporidiales
  0.00	1	0	F	49506	                        Leucosporidiaceae
  0.00	1	1	G	49507	                          Leucosporidium
  0.00	1	0	C	49593	                    Tritirachiomycetes
  0.00	1	0	O	49594	                      Tritirachiales
  0.00	1	0	F	49595	                        Tritirachiaceae
  0.00	1	1	G	49597	                          Tritirachium
  0.08	39	1	P1	48921	                  Agaricomycotina
  0.08	37	6	C	48922	                    Agaricomycetes
  0.03	15	1	O	48923	                      Agaricales
  0.01	4	0	F	49044	                        Tricholomataceae
  0.00	1	1	G	49061	                          Melanoleuca
  0.00	1	1	G	49073	                          Tricholoma
  0.00	1	1	G	49048	                          Camarophyllus
  0.00	1	1	G	49050	                          Cleistocybe
  0.01	3	3	G	48998	                        Neohygrocybe
  0.00	2	0	F	49020	                        Pluteaceae
  0.00	2	2	G	49022	                          Volvariella
  0.00	2	1	F	48924	                        Agaricaceae
  0.00	1	1	G	48925	                          Agaricus
  0.00	1	0	F	48973	                        Hygrophoraceae
  0.00	1	1	G	48978	                          Hygrocybe
  0.00	1	0	F	48948	                        Cortinariaceae
  0.00	1	1	G	48949	                          Cortinarius
  0.00	1	1	G	48947	                        Corneriella
  0.01	7	0	O	49209	                      Polyporales
  0.01	3	0	F	49230	                        Incertae Sedis
  0.00	2	2	G	49234	                          Trametes
  0.00	1	1	G	49231	                          Diplomitoporus
  0.00	2	0	F	49241	                        Laetiporaceae
  0.00	2	2	G	49242	                          Wolfiporia
  0.00	1	1	F	49272	                        uncultured
  0.00	1	0	F	49266	                        Sparassidaceae
  0.00	1	1	G	49267	                          Sparassis
  0.01	4	0	O	49154	                      Corticiales
  0.01	4	0	F	49155	                        Corticiaceae
  0.01	3	3	G	49163	                          Peniophorella
  0.00	1	1	G	49161	                          Limonomyces
  0.00	2	0	O	49096	                      Boletales
  0.00	2	0	F	49097	                        Boletaceae
  0.00	1	1	G	49099	                          Boletellus
  0.00	1	1	G	49100	                          Boletus
  0.00	1	0	O	49087	                      Auriculariales
  0.00	1	0	F	49088	                        Auriculariaceae
  0.00	1	1	G	49089	                          Auricularia
  0.00	1	0	O	49137	                      Cantharellales
  0.00	1	0	F	49146	                        Clavulinaceae
  0.00	1	1	G	49149	                          Multiclavula
  0.00	1	0	O	49318	                      Thelephorales
  0.00	1	1	F	49324	                        uncultured
  0.00	1	0	C	49346	                    Tremellomycetes
  0.00	1	0	O	49411	                      Trichosporonales
  0.00	1	0	F	49413	                        Trichosporonaceae
  0.00	1	1	G	49417	                          Trichosporon
  0.00	2	0	P	47588	              Chytridiomycota
  0.00	2	0	P1	47589	                Incertae Sedis
  0.00	2	0	C	47590	                  Chytridiomycetes
  0.00	1	0	O	47615	                    Lobulomycetales
  0.00	1	0	F	47616	                      Lobulomycetaceae
  0.00	1	1	G	47619	                        uncultured
  0.00	1	0	O	47627	                    Rhizophydiales
  0.00	1	0	F	47633	                      Rhizophydiaceae
  0.00	1	1	G	47634	                        Rhizophydium
  0.00	2	0	P	49681	              Mucoromycota
  0.00	2	0	P1	49682	                Glomeromycotina
  0.00	2	0	C	49683	                  Glomeromycetes
  0.00	1	0	O	49684	                    Archaeosporales
  0.00	1	0	F	49685	                      Ambisporaceae
  0.00	1	1	G	49686	                        Ambispora
  0.00	1	0	O	49691	                    Diversisporales
  0.00	1	0	F	49699	                      Gigasporaceae
  0.00	1	1	G	49702	                        Gigaspora
  0.00	2	0	P	49811	              Zoopagomycota
  0.00	2	0	P1	49870	                Zoopagomycotina
  0.00	2	0	C	49871	                  Incertae Sedis
  0.00	2	1	O	49872	                    Zoopagales
  0.00	1	1	G	49880	                      Syncephalis
  0.00	1	1	P	49882	              uncultured
  1.44	703	0	D	46959	          Holozoa
  1.44	703	1	D1	46960	            Choanozoa
  1.43	699	0	D2	47021	              Metazoa
  1.43	698	0	K	47022	                Animalia
  1.43	698	0	K1	47023	                  BCP clade
  1.42	696	131	K2	47024	                    Bilateria
  0.97	472	6	K3	47089	                      Protostomia
  0.93	455	0	K4	47095	                        Ecdysozoa
  0.75	368	0	P	47215	                          Nematozoa
  0.75	368	1	P1	47216	                            Nematoda
  0.74	364	0	C	47230	                              Enoplea
  0.74	364	0	C1	47231	                                Dorylaimia
  0.74	363	363	C2	47235	                                  Mononchida
  0.00	1	1	C2	47233	                                  Dorylaimida
  0.01	3	0	C	47217	                              Chromadorea
  0.00	1	1	O	47226	                                Rhabditida
  0.00	1	1	O	47228	                                Spirurida
  0.00	1	1	O	47229	                                Tylenchida
  0.18	87	2	P	47096	                          Arthropoda
  0.09	42	0	P1	47159	                            Hexapoda
  0.08	41	3	C	47166	                              Insecta
  0.07	32	2	C1	47169	                                Pterygota
  0.06	30	0	C2	47170	                                  Neoptera
  0.05	23	23	O	47180	                                    Diptera
  0.01	3	0	C3	47176	                                    Dictyoptera
  0.01	3	3	O	47179	                                      Mantodea
  0.00	1	1	O	47174	                                    Coleoptera
  0.00	1	1	O	47198	                                    Zoraptera
  0.00	1	1	O	47193	                                    Psocoptera
  0.00	1	1	O	47184	                                    Hymenoptera
  0.01	6	0	O	47204	                                Zygentoma
  0.01	6	6	F	47205	                                  Lepismatidae
  0.00	1	1	C	47160	                              Diplura
  0.08	41	0	P1	47097	                            Chelicerata
  0.08	41	0	C	47098	                              Arachnida
  0.08	39	39	C1	47099	                                Acari
  0.00	2	2	O	47101	                                Araneae
  0.00	2	0	P1	47113	                            Crustacea
  0.00	1	0	C	47114	                              Branchiopoda
  0.00	1	0	C1	47115	                                Phyllopoda
  0.00	1	1	O	47116	                                  Diplostraca
  0.00	1	0	C	47153	                              Ostracoda
  0.00	1	0	C1	47157	                                Podocopa
  0.00	1	1	O	47158	                                  Podocopida
  0.02	11	0	K4	47263	                        Lophotrochozoa
  0.01	6	0	P	47395	                          Platyhelminthes
  0.01	4	0	C	47441	                            Rhabditophora
  0.00	2	0	C1	47454	                              Seriata
  0.00	2	2	O	47455	                                Proseriata
  0.00	1	1	O	47444	                              Macrostomida
  0.00	1	0	O	47445	                              Mediofusata
  0.00	1	1	F	47446	                                Urastomidae
  0.00	1	1	C	47399	                            Cestoda
  0.00	1	0	C	47421	                            Monogenea
  0.00	1	0	O	47422	                              Monopisthocotylea
  0.00	1	1	F	47426	                                Dactylogyridae
  0.01	4	0	P	47350	                          Mollusca
  0.01	3	0	C	47375	                            Gastropoda
  0.00	1	1	O	47376	                              Caenogastropoda
  0.00	1	1	O	47378	                              Heterobranchia
  0.00	1	1	O	47380	                              Vetigastropoda
  0.00	1	0	C	47351	                            Bivalvia
  0.00	1	0	C1	47354	                              Heteroconchia
  0.00	1	1	O	47356	                                Veneroida
  0.00	1	0	P	47273	                          Annelida
  0.00	1	0	C	47288	                            Polychaeta
  0.00	1	0	C1	47300	                              Scolecida
  0.00	1	1	F	47305	                                Orbiniidae
  0.19	93	0	K3	47025	                      Deuterostomia
  0.19	93	0	K4	47041	                        Chordata
  0.19	93	0	P	47057	                          Vertebrata
  0.19	93	0	P1	47063	                            Gnathostomata
  0.19	92	2	P2	47071	                              Euteleostomi
  0.15	75	7	P3	47082	                                Tetrapoda
  0.13	66	66	C	47087	                                  Mammalia
  0.00	1	1	C	47084	                                  Aves
  0.00	1	1	C	47085	                                  Crocodylia
  0.03	15	0	C	47072	                                Actinopterygii
  0.03	15	1	C1	47075	                                  Neopterygii
  0.03	14	14	C2	47078	                                    Teleostei
  0.00	1	0	C	47066	                              Chondrichthyes
  0.00	1	0	C1	47067	                                Elasmobranchii
  0.00	1	1	C2	47069	                                  Galeomorphii
  0.00	2	0	P	47484	                    Cnidaria
  0.00	2	0	C	47485	                      Anthozoa
  0.00	2	0	C1	47486	                        Hexacorallia
  0.00	2	2	O	47487	                          Actiniaria
  0.00	1	0	P	47534	                Porifera
  0.00	1	0	C	47535	                  Calcarea
  0.00	1	1	C1	47536	                    Calcaronea
  0.01	3	0	D2	46961	              Choanoflagellata
  0.00	2	0	C	46962	                Choanoflagellida
  0.00	2	0	C1	46975	                  Craspedida
  0.00	2	0	F	46983	                    Salpingoecidae
  0.00	2	2	G	46986	                      Salpingoeca
  0.00	1	0	C	47005	                Ichthyosporea
  0.00	1	0	C1	47006	                  Dermocystida
  0.00	1	0	O	47007	                    Rhinosporideacae
  0.00	1	1	G	47008	                      Dermocystidium
  0.00	2	0	K	46849	      Amoebozoa
  0.00	1	0	C	46872	        Discosea
  0.00	1	0	C1	46873	          Flabellinia
  0.00	1	0	O	46880	            Stygamoebida
  0.00	1	1	G	46881	              Vermistella
  0.00	1	0	C	46936	        Tubulinea
  0.00	1	0	C1	46945	          Euamoebida
  0.00	1	1	G	46949	            Ptolemeba
  1.26	614	1	D1	4152	    Archaeplastida
  1.25	612	0	K	4153	      Chloroplastida
  1.25	610	0	K1	4154	        Charophyta
  1.25	610	0	P	4161	          Phragmoplastophyta
  1.25	609	0	P1	4165	            Streptophyta
  1.24	608	0	C	4172	              Embryophyta
  1.24	608	0	C1	4307	                Tracheophyta
  1.24	608	7	C2	4372	                  Spermatophyta
  1.21	592	592	C3	4432	                    Magnoliophyta
  0.02	9	9	C3	12385	                    Pinophyta
  0.00	1	0	C	11601	              Charophyceae
  0.00	1	1	O	11602	                Charales
  0.00	1	1	P1	12435	            Zygnematophyceae
  0.00	2	1	K1	5606	        Chlorophyta
  0.00	1	1	C	5747	          Trebouxiophyceae
  0.00	1	0	K	5887	      Rhodophyceae
  0.00	1	0	P	5908	        Florideophycidae
  0.00	1	1	C	5962	          Rhodymeniophycidae
  0.06	30	1	D1	8770	    SAR
  0.04	19	3	K	8771	      Alveolata
  0.02	9	0	P	8772	        Apicomplexa
  0.01	7	0	C	8783	          Conoidasida
  0.01	5	0	O	8807	            Cryptosporida
  0.01	5	5	G	8808	              Cryptosporidium
  0.00	1	0	O	8784	            Coccidia
  0.00	1	0	F	8790	              Eimeriorina
  0.00	1	1	G	8803	                Sarcocystis
  0.00	1	0	O	8809	            Gregarinasina
  0.00	1	1	F	8816	              Eugregarinorida
  0.00	2	2	C	8846	          Novel Apicomplexa Class 2
  0.01	4	0	P	8848	        Ciliophora
  0.01	4	0	C	8849	          Intramacronucleata
  0.00	2	0	O	8863	            Conthreep
  0.00	2	0	F	8899	              Oligohymenophorea
  0.00	2	0	F1	8924	                Peniculia
  0.00	1	1	G	8925	                  Frontonia
  0.00	1	1	G	8927	                  Paramecium
  0.00	2	2	O	9096	            Spirotrichea
  0.00	2	0	P	9217	        Dinoflagellata
  0.00	2	0	C	9219	          Dinophyceae
  0.00	2	0	O	9232	            Gymnodiniphycidae
  0.00	2	0	F	9259	              Suessiaceae
  0.00	2	2	G	13769	                Biecheleria
  0.00	1	0	P	9360	        Protalveolata
  0.00	1	0	C	9376	          Syndiniales
  0.00	1	1	F	9380	            Syndiniales Group II
  0.01	6	0	K	9629	      Stramenopiles
  0.01	3	0	K1	9727	        Ochrophyta
  0.00	2	0	P	9782	          Diatomea
  0.00	2	1	P1	9784	            Bacillariophytina
  0.00	1	0	C	9785	              Bacillariophyceae
  0.00	1	1	G	9796	                Campylodiscus
  0.00	1	0	C	9733	          Chrysophyceae
  0.00	1	0	O	9776	            Synurales
  0.00	1	1	G	9777	              Mallomonas
  0.00	2	0	P	9651	        Labyrinthulomycetes
  0.00	2	0	F	9665	          Thraustochytriaceae
  0.00	1	1	G	9666	            Aplanochytrium
  0.00	1	1	G	9672	            Schizochytrium
  0.00	1	0	P	10083	        Peronosporomycetes
  0.00	1	1	G	10091	          Halophytophthora
  0.01	4	0	K	9387	      Rhizaria
  0.01	3	0	P	9388	        Cercozoa
  0.00	1	1	C	9481	          Novel Clade 10
  0.00	1	1	C	9539	          uncultured
  0.00	1	0	C	9428	          Imbricatea
  0.00	1	0	O	9429	            Marimonadida
  0.00	1	1	G	9431	              Pseudopirsonia
  0.00	1	0	P	9540	        Retaria
  0.00	1	0	C	9591	          Polycystinea
  0.00	1	1	O	9609	            Spumellaria
  0.00	1	0	K	6201	    Cryptophyceae
  0.00	1	1	G	6217	      Goniomonas
