  2.52	5221	5221	U	0	unclassified
 97.48	201737	180	R	1	root
 96.27	199245	13370	D	3	  Bacteria
 53.15	110002	462	P	1672	    Firmicutes
 52.09	107809	2196	C	1673	      Bacilli
 29.27	60569	0	O	45183	        Caldalkalibacillales
 29.27	60569	0	F	45184	          Caldalkalibacillaceae
 29.27	60569	60569	G	45185	            Caldalkalibacillus
 20.48	42391	2278	O	1674	        Bacillales
 17.32	35850	2870	F	1680	          Bacillaceae
  8.00	16558	16558	G	1688	            Bacillus
  6.59	13632	13632	G	1707	            Oceanobacillus
  0.58	1191	1191	G	1696	            Geobacillus
  0.42	861	861	G	1727	            Virgibacillus
  0.17	355	355	G	1686	            Anoxybacillus
  0.06	120	120	G	1708	            Ornithinibacillus
  0.04	75	75	G	1729	            uncultured
  0.02	37	37	G	1702	            Lentibacillus
  0.01	27	27	G	1685	            Anaerobacillus
  0.01	27	27	G	1694	            Fictibacillus
  0.01	22	22	G	1709	            Paraliobacillus
  0.01	19	19	G	1712	            Pontibacillus
  0.01	18	18	G	1681	            Aeribacillus
  0.01	11	11	G	1700	            Halobacillus
  0.00	5	5	G	1684	            Amphibacillus
  0.00	5	5	G	1698	            Gracilibacillus
  0.00	4	4	G	1682	            Alkalibacillus
  0.00	4	4	G	1725	            Thalassobacillus
  0.00	4	4	G	14352	            Pseudogracilibacillus
  0.00	1	1	G	1726	            Ureibacillus
  0.00	1	1	G	1728	            Vulcanibacillus
  0.00	1	1	G	11265	            Aquibacillus
  0.00	1	1	G	11266	            Sinibacillus
  0.00	1	1	G	1723	            Terribacillus
  1.77	3656	2778	F	1753	          Planococcaceae
  0.17	349	349	G	1767	            Solibacillus
  0.15	314	314	G	1762	            Lysinibacillus
  0.04	74	74	G	1770	            uncultured
  0.01	31	31	G	1761	            Kurthia
  0.01	28	28	G	1768	            Sporosarcina
  0.01	28	28	G	1764	            Planococcus
  0.01	14	14	G	1763	            Paenisporosarcina
  0.01	13	13	G	1765	            Planomicrobium
  0.00	9	9	G	1756	            Chryseomicrobium
  0.00	8	8	G	11273	            Psychrobacillus
  0.00	6	6	G	1755	            Caryophanon
  0.00	2	2	G	1754	            Bhargavaea
  0.00	1	1	G	1766	            Rummeliibacillus
  0.00	1	1	G	11272	            Domibacillus
  0.25	516	0	F	45167	          Marinococcaceae
  0.25	516	516	G	45171	            Natribacillus
  0.03	52	0	F	1771	          Sporolactobacillaceae
  0.02	44	44	G	25622	            Terrilactibacillus
  0.00	5	5	G	1773	            Sporolactobacillus
  0.00	2	2	G	1774	            Tuberibacillus
  0.00	1	1	G	11274	            Scopulibacillus
  0.02	39	0	F	45175	          Salisediminibacteriaceae
  0.02	38	38	G	45177	            Salipaludibacillus
  0.00	1	1	G	45176	            Alkalicoccus
  0.82	1689	306	O	1800	        Lactobacillales
  0.53	1094	1	F	1828	          Enterococcaceae
  0.38	782	782	G	1831	            Enterococcus
  0.15	311	311	G	1834	            Tetragenococcus
  0.10	217	5	F	1836	          Lactobacillaceae
  0.09	194	194	G	1837	            Lactobacillus
  0.01	18	18	G	1838	            Pediococcus
  0.02	36	5	F	1811	          Carnobacteriaceae
  0.01	23	23	G	1821	            Granulicatella
  0.00	2	2	G	1818	            Carnobacterium
  0.00	2	2	G	1826	            Trichococcus
  0.00	1	1	G	1812	            Alkalibacterium
  0.00	1	1	G	1814	            Alloiococcus
  0.00	1	1	G	1817	            Atopostipes
  0.00	1	1	G	11279	            Jeotgalibaca
  0.01	23	0	F	1850	          Streptococcaceae
  0.01	19	19	G	1853	            Streptococcus
  0.00	4	4	G	1851	            Lactococcus
  0.00	6	0	F	1839	          Leuconostocaceae
  0.00	5	5	G	1843	            Weissella
  0.00	1	1	G	1841	            Leuconostoc
  0.00	4	1	F	1802	          Aerococcaceae
  0.00	2	2	G	1804	            Aerococcus
  0.00	1	1	G	1809	            Ignavigranum
  0.00	2	0	F	45256	          Listeriaceae
  0.00	2	2	G	45258	            Listeria
  0.00	1	1	F	1855	          uncultured
  0.16	328	0	O	45158	        Alicyclobacillales
  0.16	328	0	F	45159	          Alicyclobacillaceae
  0.15	304	304	G	45162	            Effusibacillus
  0.01	15	15	G	45161	            Alicyclobacillus
  0.00	9	9	G	45163	            Tumebacillus
  0.15	314	2	O	45284	        Staphylococcales
  0.15	303	2	F	45287	          Staphylococcaceae
  0.14	297	297	G	45295	            Staphylococcus
  0.00	4	4	G	45291	            Jeotgalicoccus
  0.00	9	0	F	45285	          Gemellaceae
  0.00	9	9	G	45286	            Gemella
  0.05	109	0	O	45180	        Brevibacillales
  0.05	109	0	F	45181	          Brevibacillaceae
  0.05	109	109	G	45182	            Brevibacillus
  0.04	93	14	O	45200	        Erysipelotrichales
  0.04	73	5	F	45214	          Erysipelotrichaceae
  0.02	41	41	G	45219	            Dielma
  0.00	9	9	G	45234	            Turicibacter
  0.00	5	5	G	45235	            ZOR0006
  0.00	4	4	G	45231	            Ileibacterium
  0.00	3	3	G	45226	            Faecalibaculum
  0.00	2	2	G	45221	            Erysipelothrix
  0.00	1	1	G	45236	            [Anaerorhabdus] furcosa group
  0.00	1	1	G	45225	            Erysipelotrichaceae UCG-009
  0.00	1	1	G	45222	            Erysipelotrichaceae UCG-006
  0.00	1	1	G	45238	            uncultured
  0.00	6	0	F	45201	          Erysipelatoclostridiaceae
  0.00	3	3	G	45212	            UCG-004
  0.00	1	1	G	45202	            Asteroleplasma
  0.00	1	1	G	45203	            Candidatus Stoquefichus
  0.00	1	1	G	45207	            Erysipelatoclostridium
  0.02	48	0	O	45270	        Paenibacillales
  0.02	48	3	F	45271	          Paenibacillaceae
  0.02	40	40	G	45277	            Paenibacillus
  0.00	3	3	G	45274	            Cohnella
  0.00	2	2	G	45279	            Thermobacillus
  0.01	21	0	O	45240	        Exiguobacterales
  0.01	21	0	F	45241	          Exiguobacteraceae
  0.01	21	21	G	45242	            Exiguobacterium
  0.01	19	0	O	45296	        Thermicanales
  0.01	19	0	F	45297	          Thermicanaceae
  0.01	19	19	G	45299	            Thermicanus
  0.01	11	0	O	45300	        Thermoactinomycetales
  0.01	11	5	F	45301	          Thermoactinomycetaceae
  0.00	6	6	G	45321	            uncultured
  0.00	7	0	O	45186	        Desulfuribacillales
  0.00	7	0	F	45187	          Desulfuribacillaceae
  0.00	7	7	G	45188	            Desulfuribacillus
  0.00	6	0	O	45263	        Mycoplasmatales
  0.00	6	0	F	45264	          Mycoplasmataceae
  0.00	4	4	G	45267	            Mycoplasma
  0.00	2	2	G	45269	            uncultured
  0.00	5	0	O	45189	        Entomoplasmatales
  0.00	2	0	F	45197	          Spiroplasmataceae
  0.00	2	2	G	45198	            Spiroplasma
  0.00	1	1	G	45190	          Candidatus Spiroplasma
  0.00	1	0	F	45191	          Entomoplasmataceae
  0.00	1	1	G	45193	            Mesoplasma
  0.00	1	0	F	45195	          Entomoplasmatales Incertae Sedis
  0.00	1	1	G	45196	            Candidatus Hepatoplasma
  0.00	2	1	O	45246	        Izemoplasmatales
  0.00	1	0	F	45247	          Izemoplasmataceae
  0.00	1	1	G	45248	            Izimaplasma
  0.00	1	1	O	45282	        RF39
  0.65	1355	47	C	1859	      Clostridia
  0.35	730	135	O	45508	        Oscillospirales
  0.24	487	487	F	45560	          [Clostridium] methylpentosum group
  0.03	55	12	F	45520	          Oscillospiraceae
  0.01	21	21	G	45532	            UCG-005
  0.00	8	8	G	45535	            uncultured
  0.00	7	7	G	45530	            UCG-002
  0.00	4	4	G	45524	            NK4A214 group
  0.00	2	2	G	45522	            Flavonifractor
  0.00	1	1	G	45521	            Colidextribacter
  0.01	25	25	F	45558	          UCG-010
  0.01	20	3	F	45536	          Ruminococcaceae
  0.00	7	7	G	45552	            Ruminococcus
  0.00	4	4	G	45553	            Subdoligranulum
  0.00	4	4	G	45547	            Incertae Sedis
  0.00	2	2	G	45557	            uncultured
  0.00	7	7	F	45561	          [Eubacterium] coprostanoligenes group
  0.00	1	1	F	45562	          uncultured
  0.18	373	14	O	45570	        Peptostreptococcales-Tissierellales
  0.13	270	270	G	45659	          uncultured
  0.02	45	5	F	45618	          Peptostreptococcaceae
  0.01	13	13	G	45637	            uncultured
  0.01	11	11	G	45631	            Romboutsia
  0.00	5	5	G	45628	            Peptoclostridium
  0.00	5	5	G	45624	            Intestinibacter
  0.00	3	3	G	45626	            Paraclostridium
  0.00	3	3	G	45634	            Terrisporobacter
  0.01	14	0	F	45579	          Anaerovoracaceae
  0.00	5	5	G	45589	            uncultured
  0.00	4	4	G	45585	            S5-A14a
  0.00	2	2	G	45587	            [Eubacterium] nodatum group
  0.00	1	1	G	45582	            Family XIII AD3011 group
  0.00	1	1	G	45583	            Family XIII UCG-001
  0.00	1	1	G	45584	            Mogibacterium
  0.00	6	6	G	45611	          JTB215
  0.00	3	3	G	45609	          Guggenheimella
  0.00	3	3	G	45617	          Peptoniphilus
  0.00	3	0	F	45604	          Fusibacteraceae
  0.00	3	3	G	45605	            Fusibacter
  0.00	2	2	G	45574	          Anaerococcus
  0.00	2	0	F	45594	          Caminicellaceae
  0.00	2	2	G	45596	            Paramaledivibacter
  0.00	2	2	G	45575	          Anaeromicrobium
  0.00	2	2	G	45647	          Thermohalobacter
  0.00	1	0	F	45640	          Sedimentibacteraceae
  0.00	1	1	G	45641	            Sedimentibacter
  0.00	1	1	G	45593	          Caloranaerobacter
  0.00	1	1	G	45657	          W5053
  0.00	1	1	G	45608	          Gottschalkia
  0.00	1	1	G	45656	          Tissierella
  0.00	1	1	G	45603	          Finegoldia
  0.00	1	0	F	45648	          Thermotaleaceae
  0.00	1	1	G	45653	            Thermotalea
  0.04	90	0	O	1863	        Clostridiales
  0.04	73	0	F	45333	          Caloramatoraceae
  0.03	72	72	G	45337	            Fonticella
  0.00	1	1	G	45336	            Fervidicella
  0.01	14	0	F	25630	          Clostridiaceae
  0.00	7	7	G	45359	            Clostridium sensu stricto 8
  0.00	5	5	G	45342	            Clostridium sensu stricto 1
  0.00	1	1	G	45365	            Sarcina
  0.00	1	1	G	45351	            Clostridium sensu stricto 18
  0.00	2	2	F	2083	          uncultured
  0.00	1	0	F	45368	          Oxobacteraceae
  0.00	1	1	G	45369	            Oxobacter
  0.03	56	0	O	45405	        Lachnospirales
  0.03	56	3	F	45409	          Lachnospiraceae
  0.01	14	14	G	45492	            [Eubacterium] oxidoreducens group
  0.00	9	9	G	45502	            uncultured
  0.00	8	8	G	45416	            Agathobacter
  0.00	4	4	G	45453	            Lachnospiraceae NK3A20 group
  0.00	3	3	G	45454	            Lachnospiraceae NK4A136 group
  0.00	3	3	G	45476	            Roseburia
  0.00	2	2	G	45446	            Lachnoclostridium
  0.00	2	2	G	45430	            Dorea
  0.00	1	1	G	45436	            GCA-900066575
  0.00	1	1	G	45462	            Lachnospiraceae UCG-008
  0.00	1	1	G	45463	            Lachnospiraceae UCG-009
  0.00	1	1	G	45468	            Marvinbryantia
  0.00	1	1	G	45423	            Butyrivibrio
  0.00	1	1	G	45422	            Blautia
  0.00	1	1	G	45474	            Pseudobutyrivibrio
  0.00	1	1	G	45482	            Tyzzerella
  0.01	31	0	O	45370	        Eubacteriales
  0.01	31	0	F	45374	          Anaerofustaceae
  0.01	31	31	G	45375	            Anaerofustis
  0.01	11	0	F	45389	        Hungateiclostridiaceae
  0.01	11	11	G	45400	          Ruminiclostridium
  0.00	5	0	O	45325	        Christensenellales
  0.00	5	0	F	45326	          Christensenellaceae
  0.00	5	5	G	45329	            Christensenellaceae R-7 group
  0.00	4	4	O	45332	        Clostridia vadinBB60 group
  0.00	3	3	O	45331	        Clostridia UCG-014
  0.00	2	0	O	45563	        Peptococcales
  0.00	2	0	F	45564	          Peptococcaceae
  0.00	1	1	G	45568	            Peptococcus
  0.00	1	1	G	45569	            uncultured
  0.00	1	0	O	45322	        Caldicoprobacterales
  0.00	1	0	F	45323	          Caldicoprobacteraceae
  0.00	1	1	G	45324	            Caldicoprobacter
  0.00	1	0	O	45660	        Proteinivoracales
  0.00	1	1	F	45663	          uncultured
  0.00	1	0	F	45385	        Gracilibacteraceae
  0.00	1	1	G	45388	          uncultured
  0.09	187	2	C	2164	      Negativicutes
  0.09	178	15	O	45752	        Veillonellales-Selenomonadales
  0.07	135	2	F	45780	          Veillonellaceae
  0.06	126	126	G	45784	            Megasphaera
  0.00	3	3	G	45786	            Veillonella
  0.00	2	2	G	45783	            Dialister
  0.00	2	2	G	45787	            uncultured
  0.01	22	1	F	45753	          Selenomonadaceae
  0.01	13	13	G	45762	            Selenomonas
  0.00	4	4	G	45758	            Pectinatus
  0.00	1	1	G	45756	            Megamonas
  0.00	1	1	G	45757	            Mitsuokella
  0.00	1	1	G	45763	            Veillonellaceae UCG-001
  0.00	1	1	G	45765	            uncultured
  0.00	6	0	F	45766	          Sporomusaceae
  0.00	5	5	G	45769	            Anaerosinus
  0.00	1	1	G	45774	            Pelosinus
  0.00	7	0	O	45745	        Acidaminococcales
  0.00	7	1	F	45746	          Acidaminococcaceae
  0.00	4	4	G	45749	            Succiniclasticum
  0.00	2	2	G	45748	            Phascolarctobacterium
  0.04	79	0	C	45822	      Thermincolia
  0.04	79	0	O	45823	        Carboxydocellales
  0.04	79	0	F	45824	          Carboxydocellaceae
  0.04	79	79	G	45825	            Carboxydocella
  0.02	46	0	C	45826	      Thermoanaerobacteria
  0.02	43	0	O	45831	        Thermoanaerobacterales
  0.02	42	0	F	45832	          Family III
  0.02	42	42	G	45833	            Thermoanaerobacterium
  0.00	1	0	F	45837	          Thermoanaerobacteraceae
  0.00	1	1	G	45844	            Thermoanaerobacter
  0.00	3	3	O	45827	        Caldicellulosiruptorales
  0.01	25	0	C	45687	      Desulfotomaculia
  0.01	17	0	O	45699	        Desulfotomaculales
  0.01	13	13	G	45703	          Desulfofarcimen
  0.00	1	1	G	45700	          Cryptanaerobacter
  0.00	1	1	F	45701	          Desulfallas-Sporotomaculum
  0.00	1	1	G	45705	          Desulfohalotomaculum
  0.00	1	1	G	45706	          Desulfotomaculum
  0.00	8	0	O	45688	        Ammonifexales
  0.00	7	0	F	45694	          Desulforudaceae
  0.00	7	7	G	45695	            Candidatus Desulforudis
  0.00	1	0	F	45689	          Ammonificaceae
  0.00	1	1	G	45692	            Thermodesulfitimonas
  0.00	9	0	C	45669	      Desulfitobacteriia
  0.00	9	0	O	45670	        Desulfitobacteriales
  0.00	7	0	F	45672	          Desulfitobacteriaceae
  0.00	5	5	G	45673	            Desulfitobacterium
  0.00	2	2	G	45674	            Desulfosporosinus
  0.00	2	0	F	45675	          Heliobacteriaceae
  0.00	2	2	G	45678	            Heliobacterium
  0.00	7	0	C	45845	      Thermovenabulia
  0.00	7	0	O	45846	        Thermovenabulales
  0.00	7	7	F	45853	          uncultured
  0.00	6	0	C	45711	      Dethiobacteria
  0.00	6	0	O	45712	        Dethiobacterales
  0.00	6	0	F	45713	          Dethiobacteraceae
  0.00	6	6	G	45715	            Dethiobacter
  0.00	5	0	C	45717	      Incertae Sedis
  0.00	5	5	O	45718	        DTU014
  0.00	4	0	C	45802	      Syntrophomonadia
  0.00	4	0	O	45803	        Syntrophomonadales
  0.00	4	1	F	45804	          Syntrophomonadaceae
  0.00	2	2	G	45809	            uncultured
  0.00	1	1	G	45808	            Thermosyntropha
  0.00	2	2	C	25679	      uncultured
  0.00	2	2	C	45668	      D8A-2
  0.00	1	1	C	25613	      BRH-c20a
  0.00	1	0	C	45790	      Sulfobacillia
  0.00	1	0	O	45791	        Sulfobacillales
  0.00	1	0	F	45792	          Sulfobacillaceae
  0.00	1	1	G	45793	            Sulfobacillus
  0.00	1	0	C	45795	      Symbiobacteriia
  0.00	1	0	O	45796	        Symbiobacteriales
  0.00	1	0	F	45798	          Symbiobacteraceae
  0.00	1	1	G	45800	            uncultured
  0.00	1	0	C	45812	      Thermacetogenia
  0.00	1	0	O	45813	        Thermacetogeniales
  0.00	1	0	F	45814	          Thermacetogeniaceae
  0.00	1	1	G	45816	            Thermacetogenium
 20.88	43217	5950	P	2375	    Proteobacteria
 16.23	33579	5333	C	3303	      Gammaproteobacteria
  5.25	10865	19	O	3786	        Xanthomonadales
  5.24	10837	82	F	3799	          Xanthomonadaceae
  5.16	10686	10686	G	14689	            Vulcaniibacterium
  0.02	50	50	G	3809	            Lysobacter
  0.00	9	9	G	3801	            Arenimonas
  0.00	4	4	G	3813	            Pseudoxanthomonas
  0.00	4	4	G	3818	            Stenotrophomonas
  0.00	2	2	G	3820	            Thermomonas
  0.00	8	0	F	26864	          Rhodanobacteraceae
  0.00	3	3	G	26877	            Rhodanobacter
  0.00	3	3	G	26876	            Pseudofulvimonas
  0.00	1	1	G	26866	            Chiayiivirga
  0.00	1	1	G	26867	            Chujaibacter
  0.00	1	1	F	3830	          uncultured
  3.68	7616	794	O	46187	        Burkholderiales
  1.66	3441	1289	F	46220	          Burkholderiaceae
  1.00	2066	2066	G	46221	            Burkholderia-Caballeronia-Paraburkholderia
  0.02	39	39	G	46230	            Ralstonia
  0.01	24	24	G	46226	            Limnobacter
  0.01	11	11	G	46224	            Cupriavidus
  0.00	4	4	G	46225	            Lautropia
  0.00	4	4	G	46231	            Robbsia
  0.00	2	2	G	46229	            Polynucleobacter
  0.00	2	2	G	46232	            uncultured
  0.91	1887	888	F	46259	          Comamonadaceae
  0.06	133	133	G	46273	            Diaphorobacter
  0.06	125	125	G	46269	            Comamonas
  0.06	119	119	G	46272	            Delftia
  0.05	98	98	G	46315	            uncultured
  0.04	93	93	G	46290	            Pelomonas
  0.03	64	64	G	46260	            Acidovorax
  0.02	49	49	G	46282	            Leptothrix
  0.02	46	46	G	46292	            Polaromonas
  0.02	32	32	G	46309	            Variovorax
  0.01	27	27	G	46304	            Sphaerotilus
  0.01	27	27	G	46298	            Rhodoferax
  0.01	27	27	G	46262	            Aquabacterium
  0.01	22	22	G	46268	            Candidatus Symbiobacter
  0.01	14	14	G	46266	            Caenimonas
  0.01	14	14	G	46271	            Curvibacter
  0.01	14	14	G	46296	            Ramlibacter
  0.01	12	12	G	46301	            Rubrivivax
  0.01	12	12	G	46276	            Hydrogenophaga
  0.01	11	11	G	46312	            Xylophilus
  0.00	10	10	G	46300	            Roseateles
  0.00	9	9	G	46288	            Ottowia
  0.00	7	7	G	46283	            Limnohabitans
  0.00	7	7	G	46303	            Simplicispira
  0.00	4	4	G	46261	            Alicycliphilus
  0.00	4	4	G	46310	            Verminephrobacter
  0.00	4	4	G	46287	            Mitsuaria
  0.00	3	3	G	46306	            Tepidimonas
  0.00	3	3	G	46278	            Ideonella
  0.00	3	3	G	46265	            Brachymonas
  0.00	2	2	G	46297	            Rhizobacter
  0.00	1	1	G	46314	            [Polyangium] brachysporum group
  0.00	1	1	G	46294	            Pseudorhodoferax
  0.00	1	1	G	46295	            RS62 marine group
  0.00	1	1	G	46275	            Giesbergeria
  0.23	468	0	F	46348	          Neisseriaceae
  0.22	446	446	G	46354	            Neisseria
  0.00	10	10	G	46351	            Conchiformibius
  0.00	5	5	G	46353	            Kingella
  0.00	5	5	G	46360	            uncultured
  0.00	1	1	G	46352	            Eikenella
  0.00	1	1	G	46356	            Snodgrassella
  0.18	365	0	F	46361	          Nitrosomonadaceae
  0.16	341	341	G	46363	            DSSD61
  0.01	12	12	G	46368	            Nitrosomonas
  0.00	6	6	G	46367	            MND1
  0.00	4	4	G	46365	            GOUTA6
  0.00	1	1	G	46369	            Nitrosospira
  0.00	1	1	G	46374	            uncultured
  0.15	311	263	F	46337	          Methylophilaceae
  0.01	16	16	G	46342	            Methylophilus
  0.00	6	6	G	46343	            Methylotenera
  0.00	6	6	G	46345	            OM43 clade
  0.00	5	5	G	46347	            uncultured
  0.00	4	4	G	46340	            MM2
  0.00	3	3	G	46338	            Candidatus Methylopumilus
  0.00	3	3	G	46339	            MM1
  0.00	3	3	G	46341	            Methylobacillus
  0.00	2	2	G	46346	            UBA6140
  0.07	155	77	F	46375	          Oxalobacteraceae
  0.02	47	47	G	46388	            Massilia
  0.00	8	8	G	46380	            Candidatus Vidania
  0.00	7	7	G	46400	            uncultured
  0.00	6	6	G	46387	            Janthinobacterium
  0.00	6	6	G	46389	            Noviherbaspirillum
  0.00	2	2	G	46386	            Herminiimonas
  0.00	1	1	G	46376	            Actimicrobium
  0.00	1	1	G	46394	            Pseudoduganella
  0.03	65	65	F	46430	          SC-I-84
  0.02	36	28	F	46189	          Alcaligenaceae
  0.00	3	3	G	46190	            Achromobacter
  0.00	2	2	G	46192	            Alcaligenes
  0.00	2	2	G	46211	            Taylorella
  0.00	1	1	G	46194	            Bordetella
  0.01	27	0	F	46436	          Sutterellaceae
  0.01	15	15	G	46440	            uncultured
  0.00	7	7	G	46439	            Sutterella
  0.00	5	5	G	46438	            Parasutterella
  0.01	20	0	F	46403	          Rhodocyclaceae
  0.00	5	5	G	46405	            Azonexus
  0.00	4	4	G	46406	            Azospira
  0.00	3	3	G	46429	            uncultured
  0.00	3	3	G	46409	            Candidatus Accumulibacter
  0.00	2	2	G	46412	            Dechlorosoma
  0.00	1	1	G	46427	            Z-35
  0.00	1	1	G	46425	            Thauera
  0.00	1	1	G	46421	            Rhodocyclus
  0.01	12	0	F	46334	          Leeiaceae
  0.01	12	12	G	46335	            Leeia
  0.00	10	0	F	46325	          Hydrogenophilaceae
  0.00	9	9	G	46333	            uncultured
  0.00	1	1	G	46327	            Hydrogenophilus
  0.00	8	0	F	46431	          Sulfuricellaceae
  0.00	8	8	G	46434	            Sulfuriferula
  0.00	4	0	F	46319	          Gallionellaceae
  0.00	2	2	G	46322	            Gallionella
  0.00	1	1	G	46320	            Candidatus Nitrotoga
  0.00	1	1	G	46323	            Sideroxydans
  0.00	3	3	F	46336	          MWH-UniP1 aquatic group
  0.00	2	0	F	46317	          Ferrovaceae
  0.00	2	2	G	46318	            Ferrovum
  0.00	2	2	F	46442	          TRA3-20
  0.00	1	1	F	46188	          A21b
  0.00	1	0	F	46251	          Chromobacteriaceae
  0.00	1	1	G	46258	            Vogesella
  0.00	1	0	F	46248	          Chitinimonadaceae
  0.00	1	1	G	46249	            Chitinimonas
  0.00	1	0	F	46237	          Chitinibacteraceae
  0.00	1	1	G	46243	            Deefgea
  0.00	1	0	F	46233	          Burkholderiales Incertae Sedis
  0.00	1	1	G	46234	            2013Ark19i
  0.00	1	1	F	46441	          T34
  2.86	5921	23	O	3709	        Pseudomonadales
  2.79	5784	24	F	3718	          Pseudomonadaceae
  2.78	5759	5759	G	3723	            Pseudomonas
  0.00	1	1	G	3721	            Azotobacter
  0.06	114	14	F	3710	          Moraxellaceae
  0.02	45	45	G	3713	            Enhydrobacter
  0.02	43	43	G	3711	            Acinetobacter
  0.00	8	8	G	3716	            Psychrobacter
  0.00	2	2	G	3717	            uncultured
  0.00	1	1	G	3712	            Alkanindiges
  0.00	1	1	G	3714	            Moraxella
  0.78	1618	104	O	46449	        Enterobacterales
  0.64	1325	465	F	46454	          Enterobacteriaceae
  0.37	772	772	G	46463	            Escherichia-Shigella
  0.02	44	44	G	46462	            Enterobacter
  0.01	13	13	G	46474	            Salmonella
  0.01	11	11	G	46459	            Citrobacter
  0.00	6	6	G	46470	            Plesiomonas
  0.00	5	5	G	46465	            Klebsiella
  0.00	4	4	G	46467	            Kosakonia
  0.00	3	3	G	46460	            Cronobacter
  0.00	2	2	G	46473	            Raoultella
  0.07	148	0	F	46478	          Erwiniaceae
  0.07	141	141	G	46483	            Pantoea
  0.00	5	5	G	46484	            Phaseolibacter
  0.00	1	1	G	46480	            Erwinia
  0.00	1	1	G	46485	            Rosenbergiella
  0.01	16	0	F	46536	          Yersiniaceae
  0.01	16	16	G	46541	            Serratia
  0.01	13	0	F	46493	          Morganellaceae
  0.00	3	3	G	46523	            endosymbionts
  0.00	3	3	G	46519	            Proteus
  0.00	3	3	G	46517	            Morganella
  0.00	2	2	G	46495	            Buchnera
  0.00	1	1	G	46494	            Arsenophonus
  0.00	1	1	G	46522	            Xenorhabdus
  0.00	10	0	F	46525	          Pectobacteriaceae
  0.00	5	5	G	46531	            Sodalis
  0.00	4	4	G	46527	            Dickeya
  0.00	1	1	G	46530	            Pectobacterium
  0.00	2	2	G	46489	          Gibbsiella
  0.57	1172	0	O	3593	        Oceanospirillales
  0.56	1155	25	F	3610	          Halomonadaceae
  0.44	911	911	G	3616	            Halomonas
  0.11	218	218	G	3614	            Chromohalobacter
  0.00	1	1	G	3612	            Candidatus Portiera
  0.00	5	0	F	3667	          Saccharospirillaceae
  0.00	3	3	G	26791	            Oleispira
  0.00	1	1	G	26789	            Oceanobacter
  0.00	1	1	G	26795	            uncultured
  0.00	5	0	F	26751	          Endozoicomonadaceae
  0.00	5	5	G	26752	            Endozoicomonas
  0.00	2	0	F	26768	          Nitrincolaceae
  0.00	2	2	G	26778	            uncultured
  0.00	2	0	F	26780	          Pseudohongiellaceae
  0.00	2	2	G	26782	            Pseudohongiella
  0.00	2	0	F	46573	          Alcanivoracaceae1
  0.00	2	2	G	46574	            Alcanivorax
  0.00	1	0	F	26761	          Kangiellaceae
  0.00	1	1	G	26763	            Kangiella
  0.25	522	438	O	3316	        Aeromonadales
  0.04	77	0	F	3317	          Aeromonadaceae
  0.03	70	70	G	3318	            Aeromonas
  0.00	7	7	G	3321	            Tolumonas
  0.00	4	4	F	3325	          MB19
  0.00	3	0	F	3326	          Succinivibrionaceae
  0.00	3	3	G	3331	            Succinivibrio
  0.16	322	0	O	3688	        Pasteurellales
  0.16	322	226	F	3689	          Pasteurellaceae
  0.04	86	86	G	3698	            Haemophilus
  0.00	4	4	G	3691	            Aggregatibacter
  0.00	2	2	G	3705	            Pasteurella
  0.00	2	2	G	3708	            uncultured
  0.00	1	1	G	3701	            Mannheimia
  0.00	1	1	G	3704	            Otariodibacter
  0.04	90	13	O	3333	        Alteromonadales
  0.03	57	0	F	3399	          Shewanellaceae
  0.03	57	57	G	3400	            Shewanella
  0.00	7	0	F	3334	          Alteromonadaceae
  0.00	7	7	G	3339	            Alteromonas
  0.00	5	0	F	3397	          Psychromonadaceae
  0.00	5	5	G	3398	            Psychromonas
  0.00	5	0	F	26313	          Marinobacteraceae
  0.00	5	5	G	26314	            Marinobacter
  0.00	2	0	F	3392	          Pseudoalteromonadaceae
  0.00	2	2	G	3394	            Pseudoalteromonas
  0.00	1	0	F	3378	          Colwelliaceae
  0.00	1	1	G	3379	            Colwellia
  0.01	29	0	O	3775	        Vibrionales
  0.01	29	0	F	3776	          Vibrionaceae
  0.01	22	22	G	3783	            Vibrio
  0.00	5	5	G	3781	            Photobacterium
  0.00	1	1	G	3779	            Enterovibrio
  0.00	1	1	G	3782	            Salinivibrio
  0.01	16	0	O	26732	        Nitrosococcales
  0.01	15	0	F	26737	          Nitrosococcaceae
  0.01	12	12	G	26739	            AqS1
  0.00	2	2	G	26742	            Cm1-21
  0.00	1	1	G	26749	            wb1-P19
  0.00	1	0	F	26733	          Methylophagaceae
  0.00	1	1	G	26735	            Methylophaga
  0.01	11	0	O	3409	        Cardiobacteriales
  0.01	11	0	F	3410	          Cardiobacteriaceae
  0.00	10	10	G	3411	            Cardiobacterium
  0.00	1	1	G	3414	            uncultured
  0.00	10	0	O	11512	        Cellvibrionales
  0.00	4	0	F	11514	          Cellvibrionaceae
  0.00	2	2	G	11527	            uncultured
  0.00	1	1	G	11516	            Cellvibrio
  0.00	1	1	G	46445	            Agarilytica
  0.00	3	1	F	11542	          Spongiibacteraceae
  0.00	2	2	G	11543	            BD1-7 clade
  0.00	1	0	F	11528	          Halieaceae
  0.00	1	1	G	11531	            Haliea
  0.00	1	0	F	11536	          Microbulbiferaceae
  0.00	1	1	G	11537	            Microbulbifer
  0.00	1	0	F	11538	          Porticoccaceae
  0.00	1	1	G	11541	            SAR92 clade
  0.00	10	0	O	3563	        Methylococcales
  0.00	5	2	F	3571	          Methylococcaceae
  0.00	3	3	G	3573	            Methylocaldum
  0.00	3	0	F	26690	          Methylohalobiaceae
  0.00	3	3	G	26693	            Methylothermus
  0.00	2	0	F	46553	          Methylomonadaceae
  0.00	1	1	G	46556	            IheB2-23
  0.00	1	1	G	46558	            Methylobacter
  0.00	8	0	O	3735	        Thiotrichales
  0.00	8	1	F	3754	          Thiotrichaceae
  0.00	7	7	G	3769	            Thiothrix
  0.00	6	0	O	26616	        Diplorickettsiales
  0.00	6	0	F	26617	          Diplorickettsiaceae
  0.00	4	4	G	26621	            uncultured
  0.00	2	2	G	26618	            Aquicella
  0.00	5	0	O	3415	        Chromatiales
  0.00	5	0	F	3416	          Chromatiaceae
  0.00	4	4	G	3435	            Thiohalocapsa
  0.00	1	1	G	3425	            Rhabdochromatium
  0.00	3	0	O	26624	        Ectothiorhodospirales
  0.00	2	0	F	26627	          Ectothiorhodospiraceae
  0.00	2	2	G	26637	            uncultured
  0.00	1	0	F	26638	          Thioalkalispiraceae
  0.00	1	1	G	26641	            Thiohalophilus
  0.00	3	3	O	26808	        SAR86 clade
  0.00	3	0	O	3728	        Salinisphaerales
  0.00	3	0	F	26815	          Solimonadaceae
  0.00	1	1	G	26819	            Nevskia
  0.00	1	1	G	26822	            Polycyclovorans
  0.00	1	1	G	26824	            uncultured
  0.00	2	0	O	26612	        Coxiellales
  0.00	2	0	F	26613	          Coxiellaceae
  0.00	2	2	G	26614	            Coxiella
  0.00	2	0	O	3535	        Gammaproteobacteria Incertae Sedis
  0.00	2	0	F	3536	          Unknown Family
  0.00	2	2	G	14656	            Candidatus Carsonella
  0.00	2	2	O	26796	        PLTA13
  0.00	2	0	O	26825	        Steroidobacterales
  0.00	2	0	F	26830	          Woeseiaceae
  0.00	1	1	G	26831	            JTB255 marine benthic group
  0.00	1	1	G	26832	            Woeseia
  0.00	1	0	O	26668	        Halothiobacillales
  0.00	1	0	F	26669	          Halothiobacillaceae
  0.00	1	1	G	26673	            Thiovirga
  0.00	1	1	O	26592	        CCM19a
  0.00	1	1	O	14672	        P0X4b2H11
  0.00	1	1	O	26685	        MBAE14
  0.00	1	0	O	26843	        Thiomicrospirales
  0.00	1	0	F	26852	          Thiomicrospiraceae
  0.00	1	1	G	26856	            Thiomicrorhabdus
  0.00	1	0	O	3307	        Acidithiobacillales
  0.00	1	0	F	3309	          Acidithiobacillaceae
  0.00	1	1	G	3310	            Acidithiobacillus
  0.00	1	0	O	3552	        Legionellales
  0.00	1	0	F	3559	          Legionellaceae
  0.00	1	1	G	3560	            Legionella
  0.00	1	0	O	11508	        Arenicellales
  0.00	1	0	F	11509	          Arenicellaceae
  0.00	1	1	G	14622	            uncultured
  1.78	3686	667	C	2379	      Alphaproteobacteria
  0.86	1770	339	O	2421	        Rhizobiales
  0.44	913	162	F	2435	          Beijerinckiaceae
  0.25	525	525	G	46157	            Methylobacterium-Methylorubrum
  0.03	66	66	G	2444	            uncultured
  0.03	55	55	G	26042	            Bosea
  0.02	33	33	G	26048	            Microvirga
  0.01	28	28	G	2438	            Chelatococcus
  0.01	19	19	G	14512	            Pseudochelatococcus
  0.01	18	18	G	26044	            FukuN57
  0.00	3	3	G	26050	            Psychroglaciecola
  0.00	1	1	G	26054	            alphaI cluster
  0.00	1	1	G	2442	            Methylorosula
  0.00	1	1	G	2443	            Methylovirgula
  0.00	1	1	G	26040	            1174-901-12
  0.13	279	38	F	2545	          Xanthobacteraceae
  0.06	130	130	G	26151	            Bradyrhizobium
  0.04	79	79	G	26148	            Afipia
  0.01	12	12	G	26158	            Rhodopseudomonas
  0.00	7	7	G	2554	            uncultured
  0.00	7	7	G	26157	            Rhodoplanes
  0.00	2	2	G	2553	            Xanthobacter
  0.00	2	2	G	26154	            Nitrobacter
  0.00	1	1	G	2550	            Pseudolabrys
  0.00	1	1	G	2552	            Starkeya
  0.05	112	10	F	2525	          Rhizobiaceae
  0.03	68	68	G	26091	            Allorhizobium-Neorhizobium-Pararhizobium-Rhizobium
  0.00	10	10	G	2529	            Shinella
  0.00	7	7	G	26093	            Aquamicrobium
  0.00	3	3	G	2526	            Ensifer
  0.00	2	2	G	11436	            Neorhizobium
  0.00	2	2	G	26121	            Pseudochrobactrum
  0.00	2	2	G	26115	            Ochrobactrum
  0.00	2	2	G	26112	            Mesorhizobium
  0.00	2	2	G	26101	            Chelativorans
  0.00	1	1	G	26127	            uncultured
  0.00	1	1	G	26120	            Pseudaminobacter
  0.00	1	1	G	26107	            Fulvimarina
  0.00	1	1	G	26096	            Bartonella
  0.02	49	1	F	2472	          Hyphomicrobiaceae
  0.02	45	45	G	2480	            Hyphomicrobium
  0.00	3	3	G	2483	            Pedomicrobium
  0.02	37	0	F	2530	          Rhizobiales Incertae Sedis
  0.01	17	17	G	11439	            Phreatobacter
  0.00	8	8	G	26128	            Anderseniella
  0.00	5	5	G	2532	            Bauldia
  0.00	3	3	G	26129	            Dichotomicrobium
  0.00	2	2	G	2534	            Nordella
  0.00	2	2	G	14525	            uncultured
  0.01	15	0	F	26055	          Devosiaceae
  0.01	11	11	G	26064	            uncultured
  0.00	4	4	G	26058	            Devosia
  0.01	14	0	F	26081	          Pleomorphomonadaceae
  0.01	14	14	G	26088	            uncultured
  0.00	6	6	F	2423	          A0839
  0.00	3	3	F	2556	          uncultured
  0.00	3	0	F	26071	          Methyloligellaceae
  0.00	3	3	G	26075	            uncultured
  0.26	537	0	O	2823	        Sphingomonadales
  0.26	537	282	F	2844	          Sphingomonadaceae
  0.05	97	97	G	2852	            Sphingomonas
  0.02	45	45	G	2846	            Novosphingobium
  0.01	31	31	G	26243	            DSSF69
  0.01	22	22	G	26240	            Altererythrobacter
  0.01	12	12	G	2850	            Sphingobium
  0.01	12	12	G	2858	            uncultured
  0.00	10	10	G	2853	            Sphingopyxis
  0.00	6	6	G	26245	            Erythrobacter
  0.00	4	4	G	26244	            Ellin6055
  0.00	3	3	G	26248	            Porphyrobacter
  0.00	3	3	G	11469	            Polymorphobacter
  0.00	2	2	G	2854	            Sphingorhabdus
  0.00	2	2	G	26249	            Qipengyuania
  0.00	2	2	G	26246	            MN 122.2a
  0.00	2	2	G	14559	            Rhizorhapis
  0.00	1	1	G	14558	            Parablastomonas
  0.00	1	1	G	2848	            Sandaracinobacter
  0.23	477	2	O	2386	        Caulobacterales
  0.21	428	221	F	2387	          Caulobacteraceae
  0.05	107	107	G	2390	            Brevundimonas
  0.01	31	31	G	2393	            uncultured
  0.01	27	27	G	2391	            Caulobacter
  0.01	26	26	G	2392	            Phenylobacterium
  0.00	10	10	G	2389	            Asticcacaulis
  0.00	6	6	G	25965	            PMMR1
  0.02	47	17	F	2394	          Hyphomonadaceae
  0.01	15	15	G	2407	            uncultured
  0.00	9	9	G	2400	            Hyphomonas
  0.00	3	3	G	25968	            SWB02
  0.00	1	1	G	2395	            Algimonas
  0.00	1	1	G	2399	            Hirschia
  0.00	1	1	G	2402	            Maricaulis
  0.03	55	1	O	2761	        Rickettsiales
  0.02	37	37	F	2805	          Mitochondria
  0.00	7	7	F	2801	          SM2D12
  0.00	4	0	F	2781	          Rickettsiaceae
  0.00	3	3	G	2784	            Rickettsia
  0.00	1	1	G	2785	            uncultured
  0.00	4	4	F	2806	          uncultured
  0.00	2	0	F	2763	          Anaplasmataceae
  0.00	2	2	G	2770	            Wolbachia
  0.02	34	0	O	2667	        Rhodospirillales
  0.01	16	16	F	26198	          uncultured
  0.01	14	0	F	26183	          Magnetospirillaceae
  0.00	8	8	G	26188	            uncultured
  0.00	5	5	G	26184	            Magnetospirillum
  0.00	1	1	G	26186	            Telmatospirillum
  0.00	3	0	F	2717	          Rhodospirillaceae
  0.00	3	3	G	2722	            Candidatus Riegeria
  0.00	1	0	F	26178	          Magnetospiraceae
  0.00	1	1	G	26182	            uncultured
  0.01	28	0	O	2557	        Rhodobacterales
  0.01	28	16	F	2558	          Rhodobacteraceae
  0.00	5	5	G	2607	            Paracoccus
  0.00	4	4	G	2666	            uncultured
  0.00	1	1	G	2653	            Sulfitobacter
  0.00	1	1	G	2645	            Ruegeria
  0.00	1	1	G	2634	            Roseivivax
  0.01	17	17	O	46126	        AT-s3-44
  0.01	17	0	O	26016	        Parvibaculales
  0.00	9	9	F	26018	          PS1 clade
  0.00	8	0	F	26019	          Parvibaculaceae
  0.00	8	8	G	26025	            Tepidicaulis
  0.01	14	0	O	25998	        Micavibrionales
  0.01	13	13	F	26002	          uncultured
  0.00	1	0	F	25999	          Micavibrionaceae
  0.00	1	1	G	26001	            uncultured
  0.01	13	13	O	26269	        uncultured
  0.01	12	0	O	26009	        Paracaedibacterales
  0.01	12	0	F	26010	          Paracaedibacteraceae
  0.00	8	8	G	26011	            Candidatus Captivus
  0.00	4	4	G	26015	            uncultured
  0.01	12	0	O	26003	        Micropepsales
  0.01	12	0	F	26004	          Micropepsaceae
  0.00	10	10	G	26007	            uncultured
  0.00	2	2	G	26005	            Micropepsis
  0.00	9	0	O	26252	        Thalassobaculales
  0.00	9	0	F	26256	          Oceanibaculaceae
  0.00	9	9	G	26257	            Oceanibaculum
  0.00	6	1	O	2808	        SAR11 clade
  0.00	3	0	F	26228	          Clade I
  0.00	2	2	G	26229	            Clade Ia
  0.00	1	1	G	26231	            uncultured
  0.00	2	2	F	26232	          Clade II
  0.00	6	0	O	25946	        Azospirillales
  0.00	6	1	F	25947	          Azospirillaceae
  0.00	4	4	G	25951	            Niveispirillum
  0.00	1	1	G	25948	            Azospirillum
  0.00	5	0	O	46132	        Defluviicoccales
  0.00	5	5	F	46135	          uncultured
  0.00	4	4	O	2409	        Dstr-E11
  0.00	2	0	O	25986	        Holosporales
  0.00	2	0	F	25987	          Holosporaceae
  0.00	2	2	G	25990	            Candidatus Paraholospora
  0.00	1	0	O	25978	        Elsterales
  0.00	1	0	F	25979	          Elsteraceae
  0.00	1	1	G	25983	            uncultured
  0.00	1	0	C	3845	      Zetaproteobacteria
  0.00	1	0	O	3846	        Mariprofundales
  0.00	1	0	F	3847	          Mariprofundaceae
  0.00	1	1	G	3848	            Mariprofundus
  0.00	1	0	C	26883	      Magnetococcia
  0.00	1	0	O	26884	        Magnetococcales
  0.00	1	0	F	26885	          Magnetococcaceae
  0.00	1	1	G	26886	            Magnetococcus
 14.15	29279	111	P	43279	    Actinobacteriota
 13.87	28697	3537	C	43309	      Actinobacteria
  9.35	19353	0	O	43677	        Pseudonocardiales
  9.35	19353	5901	F	43678	          Pseudonocardiaceae
  3.87	8001	8001	G	43700	            Saccharopolyspora
  1.54	3194	3194	G	43702	            Sciscionella
  1.06	2186	2186	G	43698	            Pseudonocardia
  0.01	17	17	G	43685	            Actinosynnema
  0.01	15	15	G	43707	            Yuhushiella
  0.01	14	14	G	43681	            Actinomycetospora
  0.00	8	8	G	43699	            Saccharomonospora
  0.00	6	6	G	43689	            Crossiella
  0.00	5	5	G	43683	            Actinopolyspora
  0.00	3	3	G	43688	            Amycolatopsis
  0.00	1	1	G	43684	            Actinorectispora
  0.00	1	1	G	43679	            Actinoalloteichus
  0.00	1	1	G	43701	            Saccharothrix
  0.99	2042	630	O	43416	        Micrococcales
  0.27	559	25	F	43490	          Microbacteriaceae
  0.17	359	359	G	43534	            Microbacterium
  0.02	48	48	G	43498	            Candidatus Aquiluna
  0.01	28	28	G	43500	            Candidatus Limnoluna
  0.01	19	19	G	43528	            Leucobacter
  0.01	15	15	G	43502	            Chryseoglobus
  0.01	13	13	G	43493	            Agromyces
  0.01	11	11	G	43515	            Galbitalea
  0.00	8	8	G	43530	            Lysinimonas
  0.00	5	5	G	43492	            Agrococcus
  0.00	5	5	G	43531	            ML602J-51
  0.00	4	4	G	43496	            Amnibacterium
  0.00	4	4	G	43537	            Mycetocola
  0.00	4	4	G	43509	            Curtobacterium
  0.00	3	3	G	43497	            Aurantimicrobium
  0.00	3	3	G	43543	            Pseudoclavibacter
  0.00	2	2	G	43501	            Candidatus Planktoluna
  0.00	1	1	G	43527	            Leifsonia
  0.00	1	1	G	43553	            uncultured
  0.00	1	1	G	43514	            Frondihabitans
  0.19	402	39	F	43554	          Micrococcaceae
  0.05	111	111	G	43565	            Micrococcus
  0.03	68	68	G	43556	            Arthrobacter
  0.02	49	49	G	43570	            Pseudarthrobacter
  0.02	48	48	G	43573	            Rothia
  0.01	23	23	G	43562	            Glutamicibacter
  0.01	23	23	G	43564	            Kocuria
  0.01	17	17	G	43569	            Paeniglutamicibacter
  0.01	13	13	G	43558	            Citricoccus
  0.00	4	4	G	43568	            Paenarthrobacter
  0.00	3	3	G	43578	            uncultured
  0.00	2	2	G	43577	            Zhihengliuella
  0.00	1	1	G	43561	            Garicola
  0.00	1	1	G	43574	            Sinomonas
  0.13	273	0	F	43423	          Bogoriellaceae
  0.13	273	273	G	43425	            Georgenia
  0.02	51	0	F	43460	          Dermatophilaceae
  0.02	51	51	G	43467	            uncultured
  0.02	40	0	F	43426	          Brevibacteriaceae
  0.02	40	40	G	43427	            Brevibacterium
  0.01	29	0	F	43468	          Intrasporangiaceae
  0.01	15	15	G	43486	            Tetrasphaera
  0.00	5	5	G	43475	            Knoellia
  0.00	4	4	G	43482	            Oryzihumus
  0.00	3	3	G	43474	            Janibacter
  0.00	1	1	G	43484	            Serinicoccus
  0.00	1	1	G	43480	            Ornithinicoccus
  0.01	16	0	F	43439	          Demequinaceae
  0.01	16	16	G	43440	            Demequina
  0.01	11	1	F	43443	          Dermabacteraceae
  0.00	10	10	G	43444	            Brachybacterium
  0.00	10	0	F	43579	          Micrococcales Incertae Sedis
  0.00	10	10	G	43581	            Timonella
  0.00	9	0	F	43582	          Promicromonosporaceae
  0.00	8	8	G	43584	            Isoptericola
  0.00	1	1	G	43583	            Cellulosimicrobium
  0.00	7	0	F	43430	          Cellulomonadaceae
  0.00	7	7	G	43432	            Cellulomonas
  0.00	5	0	F	43597	          Sanguibacteraceae
  0.00	5	5	G	43598	            Sanguibacter
  0.60	1241	8	O	43640	        Propionibacteriales
  0.57	1173	63	F	43651	          Propionibacteriaceae
  0.51	1052	1052	G	43656	            Cutibacterium
  0.01	23	23	G	43673	            Pseudopropionibacterium
  0.00	9	9	G	43675	            Tessaracoccus
  0.00	6	6	G	43676	            uncultured
  0.00	6	6	G	43658	            Granulicoccus
  0.00	4	4	G	43668	            Propionicicella
  0.00	3	3	G	43663	            Microlunatus
  0.00	2	2	G	43657	            Friedmanniella
  0.00	2	2	G	43659	            Haloactinopolyspora
  0.00	2	2	G	43667	            Propionibacterium
  0.00	1	1	G	43661	            Luteococcus
  0.03	60	2	F	43641	          Nocardioidaceae
  0.01	29	29	G	43648	            Nocardioides
  0.01	24	24	G	43650	            uncultured
  0.00	2	2	G	43642	            Actinopolymorpha
  0.00	2	2	G	43646	            Marmoricola
  0.00	1	1	G	43645	            Kribbella
  0.52	1085	18	O	43342	        Corynebacteriales
  0.45	934	7	F	43343	          Corynebacteriaceae
  0.40	835	835	G	43344	            Corynebacterium
  0.04	92	92	G	43345	            Lawsonella
  0.03	59	0	F	43355	          Nocardiaceae
  0.02	50	50	G	43359	            Rhodococcus
  0.00	5	5	G	43358	            Nocardia
  0.00	4	4	G	43356	            Gordonia
  0.02	49	0	F	43352	          Mycobacteriaceae
  0.02	49	49	G	43354	            Mycobacterium
  0.01	22	0	F	43350	          Dietziaceae
  0.01	22	22	G	43351	            Dietzia
  0.00	2	0	F	43363	          Segniliparaceae
  0.00	2	2	G	43365	            uncultured
  0.00	1	1	F	43368	          uncultured
  0.19	396	0	O	43709	        Streptomycetales
  0.19	396	0	F	43710	          Streptomycetaceae
  0.19	386	386	G	43715	            Streptomyces
  0.00	10	10	G	43713	            Kitasatospora
  0.15	311	0	O	43311	        Actinomycetales
  0.15	311	0	F	43312	          Actinomycetaceae
  0.13	265	265	G	43322	            uncultured
  0.01	30	30	G	43314	            Actinomyces
  0.00	9	9	G	43317	            F0332
  0.00	5	5	G	43321	            Varibaculum
  0.00	2	2	G	43316	            Arcanobacterium
  0.13	274	0	O	43600	        Micromonosporales
  0.13	274	5	F	43601	          Micromonosporaceae
  0.08	171	171	G	43603	            Actinoplanes
  0.01	26	26	G	43611	            Dactylosporangium
  0.01	25	25	G	43633	            uncultured
  0.01	21	21	G	43616	            Micromonospora
  0.00	10	10	G	43632	            Xiangella
  0.00	10	10	G	43614	            Longispora
  0.00	3	3	G	43630	            Virgisporangium
  0.00	2	2	G	43617	            Phytohabitans
  0.00	1	1	G	43626	            Salinispora
  0.10	212	10	O	43716	        Streptosporangiales
  0.06	133	40	F	43717	          Nocardiopsaceae
  0.04	91	91	G	43726	            Nocardiopsis
  0.00	2	2	G	43729	            Streptomonospora
  0.02	35	0	F	43732	          Streptosporangiaceae
  0.01	14	14	G	43737	            Nonomuraea
  0.01	12	12	G	43743	            Sphaerisporangium
  0.00	5	5	G	43744	            Streptosporangium
  0.00	4	4	G	43735	            Microbispora
  0.02	34	0	F	43751	          Thermomonosporaceae
  0.01	30	30	G	43754	            Actinomadura
  0.00	4	4	G	43753	            Actinocorallia
  0.08	157	0	O	43376	        Frankiales
  0.03	64	19	F	43393	          Sporichthyaceae
  0.01	30	30	G	43397	            hgcI clade
  0.00	9	9	G	43398	            uncultured
  0.00	3	3	G	43395	            Longivirga
  0.00	2	2	G	43394	            Candidatus Planktophila
  0.00	1	1	G	43396	            Sporichthya
  0.02	34	0	F	43391	          Nakamurellaceae
  0.02	34	34	G	43392	            Nakamurella
  0.01	25	0	F	43382	          Frankiaceae
  0.01	16	16	G	43383	            Frankia
  0.00	9	9	G	43384	            Jatrophihabitans
  0.01	13	3	F	43385	          Geodermatophilaceae
  0.00	6	6	G	43388	            Geodermatophilus
  0.00	3	3	G	43390	            Modestobacter
  0.00	1	1	G	43387	            Blastococcus
  0.01	12	0	F	43377	          Acidothermaceae
  0.01	12	12	G	43378	            Acidothermus
  0.00	9	9	F	43399	          uncultured
  0.01	22	0	O	43370	        Euzebyales
  0.01	22	0	F	43371	          Euzebyaceae
  0.01	16	16	G	43373	            Euzebya
  0.00	6	6	G	43374	            uncultured
  0.01	20	0	O	43400	        Glycomycetales
  0.01	20	0	F	43401	          Glycomycetaceae
  0.01	20	20	G	43406	            uncultured
  0.01	17	0	O	43325	        Bifidobacteriales
  0.01	17	0	F	43326	          Bifidobacteriaceae
  0.01	12	12	G	43331	            Gardnerella
  0.00	5	5	G	43329	            Bifidobacterium
  0.01	11	11	O	43639	        PeM15
  0.00	10	0	O	43634	        Nitriliruptorales
  0.00	10	10	F	43635	          Nitriliruptoraceae
  0.00	4	4	O	43310	        0319-7L14
  0.00	4	0	O	43408	        Kineosporiales
  0.00	4	0	F	43409	          Kineosporiaceae
  0.00	4	4	G	43414	            Quadrisphaera
  0.00	1	1	O	43407	        KIST-JJY010
  0.12	257	0	C	43801	      Rubrobacteria
  0.12	257	0	O	43802	        Rubrobacterales
  0.12	257	0	F	43803	          Rubrobacteriaceae
  0.12	257	257	G	43804	            Rubrobacter
  0.07	136	0	C	43762	      Coriobacteriia
  0.06	134	0	O	43764	        Coriobacteriales
  0.06	119	106	F	43765	          Atopobiaceae
  0.00	10	10	G	43766	            Atopobium
  0.00	3	3	G	43770	            Olsenella
  0.00	9	0	F	43772	          Coriobacteriaceae
  0.00	9	9	G	43773	            Collinsella
  0.00	6	0	F	43780	          Eggerthellaceae
  0.00	5	5	G	43788	            Enterorhabdus
  0.00	1	1	G	43785	            DNF00809
  0.00	2	2	O	43763	        CG2-30-50-142
  0.02	47	0	C	43280	      Acidimicrobiia
  0.02	33	0	O	43295	        Microtrichales
  0.01	18	0	F	43302	          Microtrichaceae
  0.00	10	10	G	43305	            Sva0996 marine group
  0.00	7	7	G	43306	            uncultured
  0.00	1	1	G	43304	            IMCC26207
  0.01	13	0	F	43298	          Ilumatobacteraceae
  0.00	6	6	G	43299	            CL500-29 marine group
  0.00	6	6	G	43300	            Ilumatobacter
  0.00	1	1	G	43301	            uncultured
  0.00	1	0	F	43296	          Iamiaceae
  0.00	1	1	G	43297	            Iamia
  0.00	1	1	F	43307	          uncultured
  0.00	7	7	O	43294	        IMCC26256
  0.00	4	0	O	43290	        Actinomarinales
  0.00	4	4	F	43293	          uncultured
  0.00	3	3	O	43308	        uncultured
  0.01	21	21	C	43799	      MB-A2-108
  0.00	6	0	C	43805	      Thermoleophilia
  0.00	3	0	O	43806	        Gaiellales
  0.00	2	2	F	43809	          uncultured
  0.00	1	0	F	43807	          Gaiellaceae
  0.00	1	1	G	43808	            Gaiella
  0.00	3	0	O	43810	        Solirubrobacterales
  0.00	3	3	F	43811	          67-14
  0.00	4	4	C	43800	      RBG-16-55-12
  1.18	2446	2	P	43868	    Bacteroidota
  1.18	2436	133	C	43869	      Bacteroidia
  0.84	1748	1	O	44330	        Sphingobacteriales
  0.84	1741	1	F	44348	          Sphingobacteriaceae
  0.84	1738	1738	G	44360	            Sphingobacterium
  0.00	2	2	G	44359	            Solitalea
  0.00	6	5	F	44340	          Lentimicrobiaceae
  0.00	1	1	G	44341	            Lentimicrobium
  0.21	440	0	O	44004	        Chitinophagales
  0.21	435	15	F	44006	          Chitinophagaceae
  0.20	412	412	G	44036	            Sediminibacterium
  0.00	2	2	G	44043	            uncultured
  0.00	2	2	G	44030	            Parafilimonas
  0.00	2	2	G	44015	            Ferruginibacter
  0.00	1	1	G	44028	            Niastella
  0.00	1	1	G	44026	            Lacibacter
  0.00	4	1	F	44044	          Saprospiraceae
  0.00	3	3	G	44055	            uncultured
  0.00	1	1	F	44056	          uncultured
  0.02	48	1	O	44160	        Flavobacteriales
  0.02	45	0	F	44183	          Flavobacteriaceae
  0.02	42	42	G	44221	            Flavobacterium
  0.00	1	1	G	44277	            Salegentibacter
  0.00	1	1	G	44274	            Psychroserpens
  0.00	1	1	G	44244	            Leeuwenhoekiella
  0.00	1	0	F	44161	          Blattabacteriaceae
  0.00	1	1	G	44164	            Candidatus Sulcia
  0.00	1	0	F	44311	          Weeksellaceae
  0.00	1	1	G	44317	            Chryseobacterium
  0.02	41	2	O	44057	        Cytophagales
  0.02	35	0	F	44122	          Microscillaceae
  0.02	35	35	G	44130	            uncultured
  0.00	2	0	F	44058	          Amoebophilaceae
  0.00	1	1	G	44059	            Candidatus Amoebophilus
  0.00	1	1	G	44060	            Candidatus Cardinium
  0.00	1	0	F	44115	          Hymenobacteraceae
  0.00	1	1	G	44119	            Pontibacter
  0.00	1	0	F	44135	          Spirosomaceae
  0.00	1	1	G	44153	            Runella
  0.01	26	2	O	43870	        Bacteroidales
  0.00	7	0	F	43964	          Rikenellaceae
  0.00	7	7	G	43972	            Rikenellaceae RC9 gut group
  0.00	4	0	F	43940	          Prevotellaceae
  0.00	4	4	G	43943	            Prevotella
  0.00	3	0	F	43873	          Bacteroidaceae
  0.00	3	3	G	43874	            Bacteroides
  0.00	3	0	F	43912	          Marinilabiliaceae
  0.00	3	3	G	43925	            uncultured
  0.00	3	3	F	43905	          ML635J-40 aquatic group
  0.00	2	0	F	43906	          Marinifilaceae
  0.00	1	1	G	43908	            Marinifilum
  0.00	1	1	G	43909	            Odoribacter
  0.00	1	1	F	43927	          Muribaculaceae
  0.00	1	1	F	43880	          Bacteroidetes BD2-2
  0.00	8	2	C	44402	      Rhodothermia
  0.00	5	0	O	44419	        Rhodothermales
  0.00	5	0	F	44420	          Rhodothermaceae
  0.00	4	4	G	44426	            Salinibacter
  0.00	1	1	G	44423	            Rhodothermus
  0.00	1	0	O	44403	        Balneolales
  0.00	1	0	F	44404	          Balneolaceae
  0.00	1	1	G	44408	            Balneola
  0.13	278	5	P	1385	    Chloroflexi
  0.12	251	1	C	1386	      Anaerolineae
  0.10	216	216	O	25141	        RBG-13-54-9
  0.01	18	17	O	25142	        SBR1031
  0.00	1	1	F	25143	          A4b
  0.00	9	0	O	25127	        Ardenticatenales
  0.00	6	6	F	25131	          uncultured
  0.00	3	0	F	25128	          Ardenticatenaceae
  0.00	3	3	G	25130	            uncultured
  0.00	7	0	O	1387	        Anaerolineales
  0.00	7	0	F	1388	          Anaerolineaceae
  0.00	4	4	G	25123	            Flexilinea
  0.00	2	2	G	1395	            uncultured
  0.00	1	1	G	1389	            Anaerolinea
  0.01	12	0	C	1428	      Dehalococcoidia
  0.00	8	0	O	1439	        GIF9
  0.00	8	0	F	25177	          AB-539-J10
  0.00	8	8	G	25179	            SCGC-AB-539-J10
  0.00	2	2	O	25185	        SAR202 clade
  0.00	1	1	O	25184	        S085
  0.00	1	1	O	1440	        MSBL5
  0.00	6	0	C	1411	      Chloroflexia
  0.00	3	1	O	11231	        Kallotenuales
  0.00	2	2	F	11232	          AKIW781
  0.00	2	1	O	1413	        Chloroflexales
  0.00	1	0	F	1414	          Chloroflexaceae
  0.00	1	1	G	25151	            Candidatus Chlorothrix
  0.00	1	0	O	25163	        Thermomicrobiales
  0.00	1	1	F	25164	          AKYG1722
  0.00	2	0	C	1450	      Ktedonobacteria
  0.00	2	0	O	1456	        Ktedonobacterales
  0.00	2	0	F	1464	          Ktedonobacteraceae
  0.00	2	2	G	1466	            uncultured
  0.00	1	1	C	25119	      AD3
  0.00	1	1	C	1481	      TK10
  0.09	196	0	P	44881	    Deinococcota
  0.09	196	0	C	44882	      Deinococci
  0.09	196	1	O	44883	        Deinococcales
  0.09	192	0	F	44884	          Deinococcaceae
  0.09	192	192	G	44886	            Deinococcus
  0.00	3	0	F	44888	          Trueperaceae
  0.00	3	3	G	44889	            Truepera
  0.03	60	9	P	43177	    Acidobacteriota
  0.01	31	0	C	43179	      Acidobacteriae
  0.01	20	20	O	43209	        Subgroup 13
  0.00	4	0	O	43182	        Acidobacteriales
  0.00	2	0	F	43183	          Acidobacteriaceae (Subgroup 1)
  0.00	2	2	G	43190	            Occallatibacter
  0.00	2	2	F	43197	          uncultured
  0.00	2	0	O	43198	        Bryobacterales
  0.00	2	0	F	43199	          Bryobacteraceae
  0.00	2	2	G	43200	            Bryobacter
  0.00	2	0	O	43205	        Solibacterales
  0.00	2	0	F	43206	          Solibacteraceae
  0.00	2	2	G	43207	            Candidatus Solibacter
  0.00	1	1	O	43203	        PAUC26f
  0.00	1	1	G	43204	        Paludibaculum
  0.00	1	1	O	43208	        Subgroup 12
  0.00	7	7	C	43249	      ODP1230B23.02
  0.00	6	0	C	43259	      Thermoanaerobaculia
  0.00	6	0	O	43260	        Thermoanaerobaculales
  0.00	6	0	F	43261	          Thermoanaerobaculaceae
  0.00	6	6	G	43264	            Subgroup 23
  0.00	3	0	C	43213	      Aminicenantia
  0.00	3	3	O	43214	        Aminicenantales
  0.00	1	0	C	43215	      Blastocatellia
  0.00	1	0	O	43231	        Pyrinomonadales
  0.00	1	0	F	43232	          Pyrinomonadaceae
  0.00	1	1	G	43234	            RB41
  0.00	1	0	C	43267	      Vicinamibacteria
  0.00	1	1	O	43269	        Subgroup 17
  0.00	1	1	C	43257	      Subgroup 26
  0.00	1	1	C	43254	      Subgroup 21
  0.03	52	9	P	44898	    Desulfobacterota
  0.01	29	0	C	44910	      Desulfobacteria
  0.01	28	0	O	44914	        Desulfobacterales
  0.01	22	22	F	44954	          uncultured
  0.00	3	0	F	44927	          Desulfococcaceae
  0.00	2	2	G	44930	            uncultured
  0.00	1	1	G	44929	            Desulfonema
  0.00	2	0	F	44916	          Desulfobacteraceae
  0.00	1	1	G	44918	            Desulfobacter
  0.00	1	1	G	44922	            Desulfocella
  0.00	1	0	F	44938	          Desulfosarcinaceae
  0.00	1	1	G	44944	            Desulfatirhabdium
  0.00	1	0	O	44911	        Desulfatiglandales
  0.00	1	0	F	44912	          Desulfatiglandaceae
  0.00	1	1	G	44913	            Desulfatiglans
  0.00	5	0	C	44985	      Desulfovibrionia
  0.00	5	0	O	44986	        Desulfovibrionales
  0.00	4	0	F	44990	          Desulfomicrobiaceae
  0.00	4	4	G	44991	            Desulfomicrobium
  0.00	1	0	F	45002	          Desulfovibrionaceae
  0.00	1	1	G	45006	            Desulfovibrio
  0.00	5	0	C	45011	      Desulfuromonadia
  0.00	3	3	O	45039	        PB19
  0.00	2	2	O	45012	        Bradymonadales
  0.00	1	0	C	45053	      Syntrophia
  0.00	1	0	O	45054	        Syntrophales
  0.00	1	1	F	45059	          uncultured
  0.00	1	0	C	45060	      Syntrophobacteria
  0.00	1	0	O	45061	        Syntrophobacterales
  0.00	1	1	F	45072	          uncultured
  0.00	1	0	C	45077	      Thermodesulfobacteria
  0.00	1	0	O	45078	        Thermodesulfobacteriales
  0.00	1	0	F	45079	          Thermodesulfobacteriaceae
  0.00	1	1	G	45080	            Caldimicrobium
  0.00	1	1	C	45087	      uncultured
  0.02	42	4	P	25752	    Patescibacteria
  0.01	13	3	C	25764	      Gracilibacteria
  0.00	7	7	O	25767	        Candidatus Peregrinibacteria
  0.00	2	2	O	25765	        Absconditabacteriales (SR1)
  0.00	1	1	O	25768	        Candidatus Peribacteria
  0.00	10	6	C	25786	      Parcubacteria
  0.00	3	3	O	25803	        Candidatus Nomurabacteria
  0.00	1	1	O	25815	        GWA2-38-13b
  0.00	7	1	C	25753	      ABY1
  0.00	6	6	O	25761	        Candidatus Uhrbacteria
  0.00	4	0	C	25821	      Saccharimonadia
  0.00	4	1	O	25822	        Saccharimonadales
  0.00	2	0	F	25823	          Saccharimonadaceae
  0.00	2	2	G	25824	            Candidatus Saccharimonas
  0.00	1	1	F	46008	          LWQ8
  0.00	3	3	C	25826	      WWE3
  0.00	1	0	C	25772	      Microgenomatia
  0.00	1	1	O	25779	        Candidatus Gottesmanbacteria
  0.02	38	0	P	1500	    Cyanobacteria
  0.02	35	0	C	44560	      Cyanobacteriia
  0.01	24	24	O	44561	        Chloroplast
  0.00	5	0	O	44562	        Cyanobacteriales
  0.00	2	0	F	44636	          Nostocaceae
  0.00	1	1	G	44638	            Anabaena BECID22
  0.00	1	1	G	44682	            Rivularia PCC-7116
  0.00	1	0	F	44565	          Chroococcidiopsaceae
  0.00	1	1	G	44575	            uncultured
  0.00	1	0	F	44576	          Coleofasciculaceae
  0.00	1	1	G	44578	            Coleofasciculus PCC-7420
  0.00	1	0	F	44589	          Cyanobacteriaceae
  0.00	1	1	G	44590	            Annamia HOs24
  0.00	3	0	O	44780	        Oxyphotobacteria Incertae Sedis
  0.00	3	0	F	44781	          Unknown Family
  0.00	2	2	G	44799	            uncultured
  0.00	1	1	G	44782	            CENA359
  0.00	2	0	O	44827	        Synechococcales
  0.00	2	0	F	44828	          Cyanobiaceae
  0.00	2	2	G	44829	            Cyanobium PCC-6307
  0.00	1	0	O	44800	        Phormidesmiales
  0.00	1	0	F	44809	          Phormidesmiaceae
  0.00	1	1	G	44814	            uncultured
  0.00	2	2	C	25536	      Sericytochromatia
  0.00	1	0	C	44854	      Vampirivibrionia
  0.00	1	1	O	44856	        Gastranaerophilales
  0.01	31	0	P	46698	    Verrucomicrobiota
  0.00	10	0	C	46699	      Chlamydiae
  0.00	10	0	O	46700	        Chlamydiales
  0.00	9	0	F	46713	          Parachlamydiaceae
  0.00	9	9	G	46718	            Neochlamydia
  0.00	1	0	F	46706	          Chlamydiales Incertae Sedis
  0.00	1	1	G	46707	            Candidatus Piscichlamydia
  0.00	9	0	C	46741	      Lentisphaeria
  0.00	8	6	O	46745	        Oligosphaerales
  0.00	1	1	F	46746	          Lenti-02
  0.00	1	0	F	46747	          Oligosphaeraceae
  0.00	1	1	G	46751	            Z20
  0.00	1	1	O	46754	        P.palmC41
  0.00	9	0	C	46771	      Verrucomicrobiae
  0.00	8	0	O	46791	        Opitutales
  0.00	7	0	F	46801	          Puniceicoccaceae
  0.00	5	5	G	46805	            Lentimonas
  0.00	2	2	G	46804	            Coraliomargarita
  0.00	1	0	F	46792	          Opitutaceae
  0.00	1	1	G	46799	            Opitutus
  0.00	1	0	O	46774	        Chthoniobacterales
  0.00	1	1	F	46775	          01D2Z36
  0.00	3	0	C	46766	      Omnitrophia
  0.00	3	0	O	46767	        Omnitrophales
  0.00	3	0	F	46768	          Omnitrophaceae
  0.00	3	3	G	46769	            Candidatus Omnitrophus
  0.01	31	0	P	44430	    Bdellovibrionota
  0.01	20	0	C	44431	      Bdellovibrionia
  0.01	16	0	O	44438	        Bdellovibrionales
  0.01	16	0	F	44439	          Bdellovibrionaceae
  0.01	13	13	G	44440	            Bdellovibrio
  0.00	3	3	G	44441	            OM27 clade
  0.00	4	0	O	44432	        Bacteriovoracales
  0.00	4	0	F	44433	          Bacteriovoracaceae
  0.00	4	4	G	44436	            Peredibacter
  0.01	11	0	C	44443	      Oligoflexia
  0.00	10	10	O	44444	        0319-6G20
  0.00	1	0	O	44446	        Oligoflexales
  0.00	1	1	F	44449	          uncultured
  0.01	26	0	P	46587	    Spirochaetota
  0.01	20	0	C	46609	      Spirochaetia
  0.01	20	0	O	46610	        Spirochaetales
  0.01	20	0	F	46611	          Spirochaetaceae
  0.00	8	8	G	46624	            Treponema
  0.00	7	7	G	46625	            uncultured
  0.00	5	5	G	46615	            Candidatus Marispirochaeta
  0.00	3	3	C	46608	      MVP-15
  0.00	2	0	C	46588	      Brachyspirae
  0.00	2	0	O	46589	        Brachyspirales
  0.00	2	0	F	46590	          Brachyspiraceae
  0.00	2	2	G	46591	            Brachyspira
  0.00	1	0	C	46599	      Leptospirae
  0.00	1	0	O	46600	        Leptospirales
  0.00	1	0	F	46601	          Leptospiraceae
  0.00	1	1	G	46607	            uncultured
  0.01	22	0	P	43853	    Armatimonadota
  0.01	20	20	C	43862	      DG-56
  0.00	1	0	C	43858	      Chthonomonadetes
  0.00	1	0	O	43859	        Chthonomonadales
  0.00	1	0	F	43860	          Chthonomonadaceae
  0.00	1	1	G	43861	            Chthonomonas
  0.00	1	0	C	43863	      Fimbriimonadia
  0.00	1	0	O	43864	        Fimbriimonadales
  0.00	1	1	F	43865	          Fimbriimonadaceae
  0.01	21	0	P	46016	    Planctomycetota
  0.01	16	0	C	46071	      Planctomycetes
  0.01	13	0	O	46089	        Pirellulales
  0.01	13	0	F	46090	          Pirellulaceae
  0.00	5	5	G	46098	            Pir4 lineage
  0.00	4	4	G	46099	            Pirellula
  0.00	2	2	G	46091	            Blastopirellula
  0.00	2	2	G	46103	            Termite planctomycete cluster
  0.00	1	0	O	46072	        Gemmatales
  0.00	1	1	F	46073	          Gemmataceae
  0.00	1	0	O	46080	        Isosphaerales
  0.00	1	0	F	46081	          Isosphaeraceae
  0.00	1	1	G	46087	            Tundrisphaera
  0.00	1	0	O	46108	        Planctomycetales
  0.00	1	0	F	46109	          Gimesiaceae
  0.00	1	1	G	46111	            uncultured
  0.00	3	3	C	46032	      OM190
  0.00	1	1	C	46018	      BD7-11
  0.00	1	0	C	46033	      Phycisphaerae
  0.00	1	0	O	46039	        MSBL9
  0.00	1	1	F	46044	          SG8-4
  0.01	16	0	P	45985	    Nitrospirota
  0.00	10	0	C	45990	      Leptospirillia
  0.00	10	0	O	45991	        Leptospirillales
  0.00	10	0	F	45992	          Leptospirillaceae
  0.00	10	10	G	45993	            Leptospirillum
  0.00	3	0	C	45998	      Thermodesulfovibrionia
  0.00	3	3	O	46006	        uncultured
  0.00	2	2	C	45988	      BMS9AB35
  0.00	1	0	C	45994	      Nitrospiria
  0.00	1	0	O	45995	        Nitrospirales
  0.00	1	0	F	45996	          Nitrospiraceae
  0.00	1	1	G	45997	            Nitrospira
  0.01	14	0	P	46635	    Synergistota
  0.01	14	0	C	46636	      Synergistia
  0.01	14	0	O	46637	        Synergistales
  0.01	14	0	F	46638	          Synergistaceae
  0.00	9	9	G	46657	            uncultured
  0.00	4	4	G	46653	            Syner-01
  0.00	1	1	G	46644	            Candidatus Tammella
  0.01	13	13	P	26898	    Schekmanbacteria
  0.01	12	0	P	44479	    Campilobacterota
  0.01	12	0	C	44480	      Campylobacteria
  0.01	12	0	O	44481	        Campylobacterales
  0.01	11	0	F	44511	          Sulfurovaceae
  0.01	11	11	G	44512	            Nitratifractor
  0.00	1	0	F	44492	          Helicobacteraceae
  0.00	1	1	G	44493	            Helicobacter
  0.00	9	0	P	45909	    Myxococcota
  0.00	4	0	C	45932	      Polyangia
  0.00	3	0	O	45948	        Polyangiales
  0.00	3	0	F	45954	          Polyangiaceae
  0.00	3	3	G	45963	            Sorangium
  0.00	1	1	O	45947	        PS-B29
  0.00	3	0	C	45910	      Myxococcia
  0.00	3	0	O	45911	        Myxococcales
  0.00	3	1	F	45915	          Myxococcaceae
  0.00	1	1	G	45924	            Myxococcus
  0.00	1	1	G	45925	            P3OB-42
  0.00	2	2	C	45973	      bacteriap25
  0.00	9	0	P	25727	    Modulibacteria
  0.00	9	0	C	25728	      Moduliflexia
  0.00	9	0	O	25729	        Moduliflexales
  0.00	9	9	F	25730	          Moduliflexaceae
  0.00	7	7	P	46586	    SAR324 clade(Marine group B)
  0.00	7	0	P	45093	    Elusimicrobiota
  0.00	7	7	C	45094	      4-29
  0.00	7	0	P	43824	    Aerophobota
  0.00	7	0	C	43825	      Aerophobia
  0.00	7	7	O	43826	        Aerophobales
  0.00	4	0	P	46628	    Sumerlaeota
  0.00	4	0	C	46629	      Sumerlaeia
  0.00	4	4	O	46633	        uncultured
  0.00	3	0	P	25541	    Dependentiae
  0.00	3	0	C	25542	      Babeliae
  0.00	3	2	O	25543	        Babeliales
  0.00	1	1	F	25548	          Vermiphilaceae
  0.00	3	1	P	45873	    Gemmatimonadota
  0.00	1	0	C	45876	      Gemmatimonadetes
  0.00	1	0	O	45877	        Gemmatimonadales
  0.00	1	0	F	45878	          Gemmatimonadaceae
  0.00	1	1	G	45881	            uncultured
  0.00	1	0	C	45882	      Longimicrobia
  0.00	1	0	O	45883	        Longimicrobiales
  0.00	1	1	F	45884	          Longimicrobiaceae
  0.00	3	0	P	44864	    Deferribacterota
  0.00	3	0	C	44865	      Deferribacteres
  0.00	3	0	O	44866	        Deferribacterales
  0.00	3	0	F	44867	          Deferribacteraceae
  0.00	2	2	G	44869	            Deferribacter
  0.00	1	1	G	44873	            Mucispirillum
  0.00	3	3	P	45974	    NB1-j
  0.00	3	0	P	45855	    Fusobacteriota
  0.00	3	0	C	45856	      Fusobacteriia
  0.00	3	0	O	45857	        Fusobacteriales
  0.00	3	0	F	45864	          Leptotrichiaceae
  0.00	3	3	G	45867	            Leptotrichia
  0.00	2	2	P	44863	    DTB120
  0.00	2	0	P	25682	    Halanaerobiaeota
  0.00	2	0	C	25683	      Halanaerobiia
  0.00	2	0	O	25684	        Halanaerobiales
  0.00	1	0	F	25685	          Halanaerobiaceae
  0.00	1	1	G	25686	            Halanaerobium
  0.00	1	0	F	25690	          Halobacteroidaceae
  0.00	1	1	G	25693	            Halanaerobacter
  0.00	2	0	P	11400	    Hydrogenedentes
  0.00	2	0	C	25702	      Hydrogenedentia
  0.00	2	0	O	25703	        Hydrogenedentiales
  0.00	2	2	F	25704	          Hydrogenedensaceae
  0.00	2	0	P	44471	    Calditrichota
  0.00	2	0	C	44472	      Calditrichia
  0.00	2	0	O	44473	        Calditrichales
  0.00	2	2	F	44474	          Calditrichaceae
  0.00	2	2	P	14741	    WS1
  0.00	1	1	P	11409	    Marinimicrobia (SAR406 clade)
  0.00	1	1	P	27009	    WOR-1
  0.00	1	0	P	43172	    Abditibacteriota
  0.00	1	0	C	43173	      Abditibacteria
  0.00	1	0	O	43174	        Abditibacteriales
  0.00	1	0	F	43175	          Abditibacteriaceae
  0.00	1	1	G	43176	            Abditibacterium
  0.00	1	1	P	45891	    Latescibacterota
  0.00	1	1	P	27010	    WPS-2
  0.00	1	0	P	46669	    Thermotogota
  0.00	1	0	C	46670	      Thermotogae
  0.00	1	0	O	46689	        Thermotogales
  0.00	1	1	F	46690	          Fervidobacteriaceae
  0.00	1	1	P	11417	    PAUC34f
  0.00	1	1	P	25726	    Margulisbacteria
  0.00	1	1	P	46634	    Sva0485
  0.00	1	1	P	45896	    MBNT15
  0.00	1	0	P	25537	    Dadabacteria
  0.00	1	0	C	25538	      Dadabacteriia
  0.00	1	1	O	25539	        Dadabacteriales
  1.12	2312	189	D	4	  Eukaryota
  1.02	2118	2	D1	46848	    Amorphea
  1.02	2116	0	D2	46957	      Obazoa
  1.02	2116	13	D3	46958	        Opisthokonta
  1.01	2098	0	D	46959	          Holozoa
  1.01	2098	1	D1	46960	            Choanozoa
  1.01	2097	0	D2	47021	              Metazoa
  1.01	2097	0	K	47022	                Animalia
  1.01	2097	26	K1	47023	                  BCP clade
  1.00	2071	1711	K2	47024	                    Bilateria
  0.15	303	1	K3	47025	                      Deuterostomia
  0.15	302	5	K4	47041	                        Chordata
  0.14	296	0	P	47057	                          Vertebrata
  0.14	293	5	P1	47063	                            Gnathostomata
  0.14	286	3	P2	47071	                              Euteleostomi
  0.12	254	8	P3	47082	                                Tetrapoda
  0.11	228	228	C	47087	                                  Mammalia
  0.01	11	11	C	47085	                                  Crocodylia
  0.00	6	6	C	47088	                                  Testudines
  0.00	1	1	C	47083	                                  Amphibia
  0.01	29	0	C	47072	                                Actinopterygii
  0.01	29	0	C1	47075	                                  Neopterygii
  0.01	27	27	C2	47078	                                    Teleostei
  0.00	2	2	O	47076	                                    Amiiformes
  0.00	2	0	C	47066	                              Chondrichthyes
  0.00	2	0	C1	47067	                                Elasmobranchii
  0.00	1	1	C2	47068	                                  Batoidea
  0.00	1	1	C2	47069	                                  Galeomorphii
  0.00	3	0	P1	47058	                            Agnatha
  0.00	3	0	C	47059	                              Cephalaspidomorphi
  0.00	3	3	O	47060	                                Petromyzontiformes
  0.00	1	0	P	47046	                          Tunicata
  0.00	1	0	C	47050	                            Ascidiacea
  0.00	1	1	O	47052	                              Stolidobranchia
  0.03	57	6	K3	47089	                      Protostomia
  0.02	35	6	K4	47095	                        Ecdysozoa
  0.01	24	1	P	47096	                          Arthropoda
  0.01	11	0	P1	47159	                            Hexapoda
  0.01	11	0	C	47166	                              Insecta
  0.00	8	1	C1	47169	                                Pterygota
  0.00	5	0	C2	47170	                                  Neoptera
  0.00	2	2	O	47183	                                    Hemiptera
  0.00	1	1	O	47174	                                    Coleoptera
  0.00	1	1	O	47180	                                    Diptera
  0.00	1	1	O	47193	                                    Psocoptera
  0.00	2	0	C2	47199	                                  Palaeoptera
  0.00	2	2	O	47201	                                    Odonata
  0.00	3	0	C1	47167	                                Monocondylia
  0.00	3	3	O	47168	                                  Archaeognatha
  0.00	5	0	P1	47207	                            Myriapoda
  0.00	5	0	C	47211	                              Diplopoda
  0.00	5	5	C1	47212	                                Helminthomorpha
  0.00	4	0	P1	47113	                            Crustacea
  0.00	2	0	C	47120	                              Malacostraca
  0.00	2	0	C1	47121	                                Eumalacostraca
  0.00	1	1	C2	47123	                                  Hoplocarida
  0.00	1	1	C2	47124	                                  Peracarida
  0.00	2	0	C	47128	                              Maxillopoda
  0.00	2	0	C1	47143	                                Thecostraca
  0.00	2	2	O	47146	                                  Dendrogastrida
  0.00	3	0	P1	47097	                            Chelicerata
  0.00	3	0	C	47098	                              Arachnida
  0.00	1	1	C1	47099	                                Acari
  0.00	1	1	O	47101	                                Araneae
  0.00	1	1	O	47102	                                Opiliones
  0.00	5	0	P	47215	                          Nematozoa
  0.00	5	0	P1	47216	                            Nematoda
  0.00	5	0	C	47230	                              Enoplea
  0.00	3	0	C1	47231	                                Dorylaimia
  0.00	3	3	C2	47235	                                  Mononchida
  0.00	2	0	C1	47237	                                Enoplia
  0.00	2	2	O	47238	                                  Enoplida
  0.01	16	2	K4	47263	                        Lophotrochozoa
  0.00	6	0	P	47337	                          Lophophorata
  0.00	6	0	P1	47338	                            Brachiopoda
  0.00	3	0	C	47343	                              Rhynchonelliformea
  0.00	3	0	C1	47344	                                Rhynchonellata
  0.00	3	3	O	47347	                                  Thecideida
  0.00	2	2	C	47342	                              Phoroniformea
  0.00	1	0	C	47339	                              Linguliformea
  0.00	1	0	C1	47340	                                Lingulata
  0.00	1	1	O	47341	                                  Lingulida
  0.00	3	1	P	47273	                          Annelida
  0.00	2	0	C	47274	                            Clitellata
  0.00	2	0	C1	47280	                              Oligochaeta
  0.00	2	2	O	47281	                                Haplotaxida
  0.00	3	0	P	47350	                          Mollusca
  0.00	1	0	C	47351	                            Bivalvia
  0.00	1	0	C1	47354	                              Heteroconchia
  0.00	1	1	O	47356	                                Veneroida
  0.00	1	0	C	47375	                            Gastropoda
  0.00	1	1	O	47380	                              Vetigastropoda
  0.00	1	0	C	47383	                            Scaphopoda
  0.00	1	1	O	47385	                              Gadilida
  0.00	1	0	P	47386	                          Nemertea
  0.00	1	0	C	47390	                            Enopla
  0.00	1	1	O	47392	                              Monostilifera
  0.00	1	1	P	47395	                          Platyhelminthes
  0.00	5	0	D	47567	          Nucletmycea
  0.00	5	1	K	47572	            Fungi
  0.00	4	2	K1	47666	              Dikarya
  0.00	1	0	P	47667	                Ascomycota
  0.00	1	0	P1	48783	                  Saccharomycotina
  0.00	1	0	C	48784	                    Saccharomycetes
  0.00	1	1	O	48785	                      Saccharomycetales
  0.00	1	0	P	48920	                Basidiomycota
  0.00	1	0	P1	48921	                  Agaricomycotina
  0.00	1	1	C	48922	                    Agaricomycetes
  0.00	3	0	D1	4152	    Archaeplastida
  0.00	3	0	K	4153	      Chloroplastida
  0.00	3	0	K1	4154	        Charophyta
  0.00	3	0	P	4161	          Phragmoplastophyta
  0.00	3	0	P1	4165	            Streptophyta
  0.00	3	0	C	4172	              Embryophyta
  0.00	3	0	C1	4307	                Tracheophyta
  0.00	3	0	C2	4372	                  Spermatophyta
  0.00	2	2	C3	12385	                    Pinophyta
  0.00	1	1	C3	4432	                    Magnoliophyta
  0.00	2	0	K	49904	    Discoba
  0.00	2	0	K1	49905	      Discicristata
  0.00	2	0	P	49906	        Euglenozoa
  0.00	2	0	C	49929	          Kinetoplastea
  0.00	2	1	C1	49932	            Metakinetoplastina
  0.00	1	0	O	49944	              Trypanosomatida
  0.00	1	1	G	49957	                Trypanosoma
